age,gender,shower,out_freq,active_time,hiki_period,sleep_hours,meal_count,isolation
20,0,3,3,1,3,5,2,0.21924709912756773
24,1,7,1,3,8,6,3,0.686589351812313
33,1,7,4,1,35,7,3,0.1039700280549616
23,1,7,3,2,7,6,2,0.2222124296375601
32,0,7,3,3,231,6,2,0.7066155617826472
22,1,7,4,2,2,6,3,0.0469161421399008
28,1,7,2,3,77,5,3,0.2916219333340934
36,0,7,3,2,1,7,2,0.08043270865844954
20,0,7,2,2,9,5,3,0.21310624157706284
19,1,7,3,2,87,9,2,0.33656839388704435
23,1,3,4,1,106,7,1,0.6989313260555179
32,0,7,1,2,2,7,2,0.3942931793968014
25,1,7,1,3,8,10,3,0.686589351812313
27,0,7,2,3,6,9,2,0.2123702534417876
20,0,7,1,3,24,6,2,0.763712844466626
19,1,3,4,3,13,10,1,0.7336057356178247
38,0,7,4,2,2,6,3,0.0469161421399008
23,0,3,1,3,49,5,4,0.9497768130202219
26,1,7,2,1,4,8,2,0.11348047509190055
30,1,7,3,3,198,8,3,0.620125505579452
32,0,7,3,2,0,8,2,0.08677289082782383
38,1,3,1,2,0,12,2,0.647703282797043
19,1,7,4,3,2,5,3,0.06961888680922525
24,0,7,4,2,5,5,3,0.0666218676473796
33,0,0,3,2,0,5,1,0.254028239378177
32,0,7,0,2,54,7,3,0.833687631116253
31,1,7,4,3,11,6,2,0.2650325116032955
31,1,3,1,3,68,2,2,0.9535951947046009
29,1,3,4,0,43,4,1,0.9593261950331914
28,1,7,2,2,2,7,2,0.10899547604453799
29,0,1,0,3,11,5,2,0.9254289815976484
37,0,7,3,2,3,5,3,0.06050523749379667
29,1,7,0,0,46,6,3,0.9569451803068371
25,0,7,1,2,36,5,2,0.8149811489642007
23,0,7,1,2,32,4,1,0.8518353599797815
37,1,7,1,3,194,4,2,0.9607709898690453
37,0,7,4,3,59,8,3,0.3361386014765922
30,1,3,1,0,135,2,3,0.9924004439992934
33,1,7,1,0,11,9,2,0.9320757521716394
29,0,7,4,3,24,7,3,0.19640828735719237
26,0,1,4,0,50,9,2,0.8203589505719266
23,0,7,4,2,2,5,3,0.0469161421399008
21,1,7,1,2,3,5,2,0.3942931793968014
23,1,7,4,1,69,10,2,0.14617156669624295
29,0,7,4,3,19,10,3,0.19640828735719237
31,0,7,3,3,78,5,2,0.3027921576658018
24,0,3,3,0,90,3,2,0.900045046445825
24,0,3,4,1,43,8,2,0.5004142367026713
25,0,3,2,2,4,8,2,0.3337618861599836
28,0,3,3,0,187,4,1,0.9712471958065961
32,0,3,1,2,190,4,2,0.9784964079389573
36,0,3,1,2,16,11,2,0.8991258406437996
37,0,1,0,2,2,6,2,0.6114559972439808
33,0,7,4,2,57,5,1,0.5705994485835953
23,1,7,3,2,0,5,3,0.06050523749379667
32,0,0,4,3,10,10,2,0.3417643366081469
34,1,3,4,1,24,12,2,0.32592173020100806
38,0,7,4,2,0,6,3,0.0469161421399008
35,0,7,1,2,186,7,2,0.9415599656337198
27,1,7,3,2,39,5,2,0.39134031552552034
33,1,3,4,2,1,7,1,0.35676082222336836
22,1,3,3,0,2,7,2,0.40816299603719985
20,0,7,4,1,28,7,1,0.3164268895622758
33,0,3,4,2,11,9,2,0.401193131209257
37,1,7,2,1,3,7,2,0.08111926111917885
36,0,3,3,2,10,9,2,0.4671057291157117
28,1,7,4,1,231,8,2,0.46637549669581
21,1,1,1,3,81,5,2,0.8735373417377222
30,0,7,1,2,24,5,2,0.7593810169389497
36,0,7,0,0,41,5,1,0.9888477789145682
36,0,0,3,2,29,5,2,0.29146336227934916
30,1,3,4,2,12,5,4,0.401193131209257
32,0,3,4,3,6,8,2,0.31135061170657247
22,0,3,4,3,50,10,3,0.5884860853416161
38,0,3,1,2,19,7,1,0.9601610916539437
37,0,7,4,0,5,11,3,0.16615587055551284
19,0,7,0,2,18,11,2,0.850075151553441
36,1,7,2,2,6,6,2,0.1506541603958824
27,0,7,4,2,4,7,3,0.0666218676473796
27,1,7,4,2,24,5,2,0.19173799367157632
33,1,7,4,2,8,6,3,0.13851507233090157
26,1,7,2,2,10,4,1,0.5193222190410408
30,0,3,4,1,13,10,3,0.24682631673778008
22,0,3,1,1,231,6,3,0.9374826873023893
28,1,3,2,3,181,6,3,0.8558188755821713
24,0,7,3,1,60,6,2,0.17093539450441786
30,0,7,4,1,3,8,2,0.04980215760699774
21,1,1,1,2,179,8,1,0.9768841437299721
32,1,3,3,1,211,6,2,0.7482867585153717
33,1,7,4,3,1,6,2,0.09942441049554852
23,0,0,1,0,72,6,2,0.993679139179092
24,0,7,4,2,16,6,3,0.13851507233090157
22,0,7,1,2,219,4,2,0.9415599656337198
32,0,3,4,3,4,5,3,0.23456086545504606
20,1,7,4,3,63,4,3,0.19640828735719237
21,1,7,1,0,4,7,2,0.7963842576183967
25,0,7,1,1,4,7,2,0.5027492335665626
36,0,3,1,1,16,6,2,0.812513978091017
35,0,7,1,3,36,5,1,0.8973252221907827
38,1,3,4,2,6,7,3,0.16776966098078253
25,1,7,4,3,0,7,3,0.06961888680922525
20,1,7,4,2,2,11,2,0.06770942671755258
32,0,7,0,0,20,5,2,0.9088127883060475
24,0,7,4,2,27,5,3,0.13851507233090157
23,1,1,4,1,36,10,2,0.19774993840002228
24,1,3,2,2,7,8,2,0.5301832089223527
23,0,7,4,1,7,6,1,0.3164268895622758
31,1,0,4,2,10,4,4,0.25460057342619274
34,1,3,3,2,230,8,2,0.8173477397232973
30,0,7,4,2,6,4,3,0.0666218676473796
37,0,3,4,2,177,5,2,0.7737751171854721
32,0,0,1,3,11,7,2,0.8231266594785767
34,0,7,1,2,19,6,3,0.6814334044724342
28,1,7,4,3,27,10,2,0.2650325116032955
20,0,7,2,0,25,3,2,0.7151865219044631
23,0,3,4,3,68,10,3,0.4083874786832369
35,0,7,4,3,171,6,3,0.5551131985354308
29,0,7,4,2,40,5,3,0.24986498513370112
26,0,3,3,2,5,5,1,0.49201301497601707
28,0,7,4,3,4,7,2,0.13799151878469615
29,1,7,4,0,8,12,2,0.3984089101362767
19,1,7,4,2,5,7,2,0.0952756906627491
33,1,7,1,2,174,2,2,0.9731681902476471
25,1,7,3,1,15,8,1,0.35794271339204065
21,0,3,1,2,104,6,3,0.8784565758577353
37,0,3,4,3,17,10,3,0.4083874786832369
33,1,7,0,0,26,5,3,0.8710531268981131
34,0,7,0,3,28,4,1,0.936198904528452
25,0,7,1,0,8,8,3,0.8009267673563681
24,1,7,1,2,0,5,2,0.3942931793968014
23,0,0,1,0,36,6,1,0.9861227802952567
21,1,1,4,0,13,6,2,0.4881105158156676
21,1,7,2,2,12,6,2,0.2854919466483189
24,0,3,3,1,90,4,2,0.529026089833733
21,1,3,4,0,117,6,3,0.6924150942904136
25,1,1,1,2,14,4,3,0.6747990290137521
38,1,3,4,0,6,6,3,0.36011618545104596
31,1,3,2,1,63,5,2,0.4488513055637217
29,0,3,4,2,2,6,2,0.17020729105823318
26,0,7,4,3,9,9,2,0.2650325116032955
33,0,0,1,3,57,8,3,0.9065337417782303
38,1,3,1,3,189,11,1,0.9921265945922813
37,0,7,4,2,15,11,1,0.39077668936847837
26,1,7,4,2,5,6,2,0.0952756906627491
34,1,7,0,0,8,4,2,0.940579001845366
38,0,3,1,1,162,7,2,0.9704479409996584
28,0,3,3,3,27,7,3,0.4745453532492733
21,0,7,4,2,2,11,3,0.0469161421399008
24,1,7,4,3,4,5,2,0.13799151878469615
34,1,7,4,2,200,5,2,0.5477271131353904
31,1,7,1,2,22,9,2,0.6801282715042763
27,1,7,2,1,22,11,3,0.1634888307970239
20,1,7,1,0,10,3,3,0.9688247307575961
38,0,7,3,1,1,7,2,0.06417089461205494
35,1,3,4,3,9,6,2,0.5045714971936305
24,0,7,4,2,4,5,3,0.0666218676473796
36,0,7,1,0,112,5,2,0.9133477696785759
19,0,3,4,0,21,10,2,0.6516185144181187
31,1,7,2,2,2,9,2,0.10899547604453799
28,0,7,4,2,35,5,2,0.19173799367157632
23,1,3,4,3,162,10,2,0.8386928733933798
31,1,7,4,2,1,7,2,0.06770942671755258
24,0,7,4,0,2,7,2,0.1685748023948792
34,0,7,4,2,28,5,3,0.13851507233090157
26,0,0,4,0,4,8,2,0.8861840543416662
37,1,3,0,2,148,9,3,0.9721358131834341
35,0,3,2,2,2,4,1,0.4829878104246954
22,1,7,3,1,62,6,2,0.17093539450441786
27,0,3,1,0,26,6,3,0.9633272533687152
21,0,3,4,2,6,11,2,0.22924216265835395
28,0,7,3,2,193,9,2,0.6130664235278493
30,0,7,4,2,237,6,2,0.5477271131353904
23,1,3,1,0,33,5,2,0.9613654099685319
24,0,1,4,3,34,5,3,0.2603089198669121
32,1,0,1,3,6,5,3,0.9429770695002639
29,0,7,4,3,159,11,2,0.6480033370804856
27,0,7,1,2,215,6,2,0.9415599656337198
29,0,7,4,3,9,4,2,0.2650325116032955
30,0,7,1,2,77,4,2,0.6801282715042763
20,1,7,3,2,2,4,2,0.08677289082782383
25,1,7,4,2,5,2,2,0.19163461961068115
27,1,1,4,2,4,7,3,0.09319398502573192
24,1,7,4,3,7,10,2,0.2650325116032955
22,0,7,4,3,19,5,3,0.19640828735719237
24,1,0,1,2,39,5,3,0.8112752006679335
30,1,7,3,2,1,10,2,0.08677289082782383
35,1,3,1,2,165,9,3,0.9540844150248363
21,1,7,1,0,25,4,4,0.8558226120892807
32,1,7,4,2,61,7,2,0.19173799367157632
27,1,7,4,2,0,6,2,0.06770942671755258
29,1,3,3,2,12,4,1,0.7032746274998402
34,1,7,4,0,107,9,3,0.443535433830887
34,0,7,0,3,12,6,2,0.8444015846998059
25,1,7,3,2,76,4,2,0.2222124296375601
24,1,3,4,0,210,4,0,0.9939058257640088
23,1,1,1,1,5,8,2,0.495150554651488
35,1,7,4,2,6,5,3,0.0666218676473796
36,0,7,4,2,3,8,3,0.0469161421399008
34,1,7,1,3,176,11,3,0.9179240774001722
31,1,7,1,3,5,6,3,0.5907460945806399
36,1,7,4,2,32,4,2,0.19173799367157632
31,1,7,3,2,8,5,3,0.1737974195454624
28,0,3,4,3,3,7,2,0.31135061170657247
25,1,3,4,3,49,4,2,0.6784444771152031
31,0,3,0,1,26,6,2,0.8791743420430418
35,1,7,0,0,123,9,3,0.9718197892226758
28,1,3,4,2,124,7,2,0.7737751171854721
23,0,3,3,3,27,5,3,0.4745453532492733
19,1,3,4,2,4,5,3,0.16776966098078253
28,0,3,4,2,56,4,1,0.7896069035061241
24,0,7,1,3,11,6,2,0.8275085311137813
24,1,7,4,1,51,10,3,0.19379685508492317
31,0,3,3,0,5,7,0,0.7211301731966673
35,0,7,3,2,73,2,3,0.3213624251112474
36,0,3,2,0,42,9,2,0.8671375353406136
31,1,7,4,2,0,11,2,0.06770942671755258
37,0,7,4,3,9,6,3,0.19640828735719237
25,0,7,4,2,12,5,2,0.19173799367157632
25,1,3,4,1,5,10,2,0.17671151935013055
26,0,7,4,0,40,7,2,0.9949453471871207
30,0,3,1,2,45,8,1,0.9711305049130918
20,0,7,1,0,5,11,2,0.8589894446115243
29,0,3,2,1,48,7,2,0.6278566967842378
22,1,0,2,2,39,4,2,0.5437621463256205
33,0,7,4,0,225,11,2,0.8865676817234908
19,0,7,2,3,0,4,3,0.11192945168400854
27,0,3,0,2,121,7,1,0.9954965890785269
27,1,3,0,2,9,6,2,0.9412241832652388
23,1,7,2,0,3,7,3,0.18796193938017733
34,0,3,2,2,4,9,2,0.3337618861599836
33,1,7,0,1,1,8,4,0.44095469390483794
32,1,1,1,2,9,5,3,0.7548963274853566
22,1,7,4,1,21,4,3,0.1039700280549616
24,1,7,4,2,22,8,3,0.13851507233090157
28,0,7,1,2,3,6,2,0.4914074137621636
29,0,1,3,3,5,3,3,0.3151174462638161
21,0,1,4,0,27,7,3,0.3925779182276662
22,0,3,4,3,4,5,3,0.23456086545504606
33,1,3,4,2,54,11,2,0.5812360910981134
29,0,3,1,2,12,8,2,0.8991258406437996
31,1,7,3,2,9,9,3,0.1737974195454624
23,1,7,3,2,205,5,2,0.6130664235278493
32,0,7,2,2,29,11,3,0.21310624157706284
29,0,3,4,3,13,6,2,0.5045714971936305
25,1,7,2,0,1,5,2,0.4411777800322253
28,1,0,3,0,4,10,3,0.25680313802321236
27,0,7,4,2,1,6,2,0.06770942671755258
28,0,3,4,2,34,6,3,0.3122936162960593
20,1,7,1,0,9,7,2,0.8980685915132466
31,1,7,4,1,2,6,2,0.04980215760699774
38,1,7,2,2,0,10,2,0.10899547604453799
26,1,7,4,0,62,7,3,0.3098071510462749
20,0,0,4,1,2,5,2,0.0701700758807241
28,0,3,1,3,114,6,3,0.9422204937037593
36,1,7,1,3,239,5,2,0.9428588435009359
37,0,3,2,2,49,9,2,0.7004046962555395
36,0,7,3,3,3,8,2,0.1262083708756705
31,1,3,4,2,66,6,2,0.401193131209257
24,0,7,0,1,4,10,2,0.5335184474937743
30,0,7,1,2,7,7,2,0.7593810169389497
38,1,7,0,2,207,6,1,0.9801114640979869
36,0,3,3,3,20,8,2,0.5712652677218227
37,1,1,1,2,21,6,2,0.7537834173549436
25,1,7,4,3,43,5,2,0.4276053908218187
26,1,7,4,2,78,5,3,0.13851507233090157
29,1,1,0,0,8,5,3,0.9574191615394236
36,0,7,1,0,91,4,2,0.9133477696785759
21,0,7,1,0,6,7,2,0.9320757521716394
21,1,3,2,0,203,5,2,0.941463500619538
23,0,1,1,0,71,2,2,0.9505924811773085
21,1,3,2,3,20,7,3,0.5376139353058357
19,0,3,1,3,29,10,1,0.9610636405755169
24,1,3,1,2,111,6,2,0.9405732153277967
33,0,7,3,1,9,7,2,0.18298990743485014
34,1,7,4,3,26,4,1,0.493683853920291
20,0,7,4,1,224,7,2,0.46637549669581
26,0,7,0,2,200,4,2,0.9848854943034691
23,1,7,4,2,82,5,3,0.13851507233090157
32,1,1,4,0,74,11,2,0.4881105158156676
37,1,7,4,1,1,5,2,0.04980215760699774
22,0,7,0,1,13,6,3,0.7349873740536589
29,0,3,4,3,7,6,2,0.9844253887894093
32,0,3,1,1,114,8,1,0.9541450213483691
37,0,7,1,3,64,6,2,0.763712844466626
21,0,7,2,1,3,6,2,0.08111926111917885
19,1,7,1,2,51,10,2,0.8673392262823717
26,1,7,2,3,50,11,2,0.5571857181089149
25,1,7,4,0,18,11,2,0.3984089101362767
27,0,3,4,2,45,4,0,0.9111491539516843
21,0,7,4,3,7,4,3,0.19640828735719237
25,0,3,3,1,3,9,2,0.16224435963257305
23,1,0,3,0,197,6,2,0.9790126277310747
23,1,7,4,0,18,8,2,0.3984089101362767
33,0,3,1,0,195,8,2,0.9921895725579197
31,1,7,4,2,2,6,2,0.06770942671755258
33,1,7,4,3,7,7,1,0.493683853920291
19,0,7,4,2,20,6,2,0.19173799367157632
21,0,1,4,2,28,12,3,0.18798658651749098
26,1,7,3,2,47,10,3,0.28630547964571895
28,0,7,4,2,77,6,2,0.19173799367157632
27,0,7,4,1,25,6,1,0.3164268895622758
26,1,7,4,2,5,7,1,0.22163775039350292
25,0,3,3,2,4,4,2,0.2637324381232358
23,1,7,4,3,14,8,2,0.2650325116032955
25,0,7,4,2,6,4,2,0.19173799367157632
27,0,0,4,2,55,8,2,0.8491727391586202
38,0,3,2,3,2,8,2,0.3443428534325977
24,0,7,3,3,4,6,2,0.1616318557017301
23,0,7,1,2,207,6,2,0.9156461283811059
31,1,3,2,2,54,7,3,0.6130862342922467
29,1,7,2,2,17,6,2,0.2854919466483189
24,1,7,4,2,25,8,2,0.19173799367157632
33,1,1,2,2,143,7,3,0.6656281901080415
28,0,3,4,2,5,10,0,0.6872518299682621
21,0,7,4,3,237,6,2,0.6480033370804856
29,1,7,4,0,2,9,2,0.31913290784050563
25,1,7,1,2,1,7,3,0.30614093416389604
23,0,3,4,1,1,8,3,0.09118313753282856
28,1,0,4,2,26,7,2,0.25460057342619274
36,0,0,4,1,5,4,3,0.06904592060832918
36,0,7,4,3,18,10,2,0.2650325116032955
21,0,3,1,0,58,4,2,0.9809705097522461
20,0,3,1,2,218,7,2,0.9684116697565233
27,1,7,2,2,210,8,2,0.6710344546893512
30,0,7,4,2,24,5,3,0.13851507233090157
27,1,3,4,2,2,11,2,0.17020729105823318
24,1,3,3,2,24,6,2,0.4465649943580163
35,1,7,3,2,5,8,2,0.11255358228323815
21,0,7,4,2,34,5,2,0.19173799367157632
36,0,7,4,0,50,6,2,0.5784093084369945
33,1,0,3,3,4,7,3,0.1697029599870693
38,1,3,1,2,192,8,0,0.9915731760291338
34,1,7,4,1,3,11,3,0.034305763809608196
22,1,7,4,2,81,10,2,0.19173799367157632
30,0,7,1,2,2,5,4,0.4914074137621636
29,1,7,1,0,4,6,3,0.7261001124404789
35,0,7,4,1,17,5,2,0.14617156669624295
23,1,7,4,1,2,5,2,0.04980215760699774
27,1,3,4,0,8,8,0,0.9179066853315294
36,0,7,4,1,5,6,2,0.07063023635685803
36,1,7,4,0,3,6,2,0.1685748023948792
26,0,7,3,2,17,8,3,0.1737974195454624
37,1,3,4,3,111,11,2,0.6439343683615386
28,1,7,4,2,2,5,3,0.0469161421399008
35,1,3,4,0,3,5,3,0.36011618545104596
30,1,7,4,2,28,6,2,0.19173799367157632
34,0,7,2,2,60,8,2,0.2854919466483189
27,0,7,0,2,9,7,2,0.9955068437306921
24,1,3,4,2,3,6,3,0.16776966098078253
25,1,3,1,3,110,6,3,0.9422204937037593
26,1,7,4,2,35,9,0,0.6367165868276662
20,0,7,4,2,53,9,2,0.3295081344382887
35,0,7,4,2,0,4,2,0.06770942671755258
26,0,7,1,1,62,6,3,0.6068699872744354
32,1,3,3,2,24,7,3,0.3535476236897154
25,0,7,1,2,0,8,2,0.4914074137621636
30,1,7,3,0,5,7,2,0.26148560225527767
22,0,3,3,2,41,5,3,0.531175650790311
36,0,3,1,0,6,3,2,0.943673323869945
29,1,7,4,2,1,11,2,0.06770942671755258
21,1,7,4,3,1,7,2,0.09942441049554852
31,0,7,1,3,47,8,2,0.8700600658627557
34,1,0,1,3,0,5,1,0.8511499580985917
36,0,0,1,3,205,11,2,0.972424150784952
33,0,1,4,2,15,8,2,0.25460057342619274
23,0,3,0,2,219,5,3,0.9721358131834341
23,0,7,3,1,199,12,2,0.5128060745137323
22,0,3,4,0,8,9,2,0.6516185144181187
19,0,7,2,1,44,8,2,0.37396892316912644
26,0,7,4,2,4,6,2,0.0952756906627491
22,1,7,4,2,72,5,3,0.13851507233090157
33,1,3,0,3,44,6,2,0.9694675201484428
21,0,7,3,0,4,11,3,0.19353793162080746
26,1,7,4,2,7,8,2,0.19173799367157632
36,1,7,4,3,114,6,1,0.6338871469479034
31,0,3,4,2,3,4,0,0.3465852644399397
37,0,3,4,1,36,5,2,0.5004142367026713
22,1,7,1,2,184,5,1,0.9775606603875555
37,1,7,3,0,17,11,2,0.4642186972337638
21,1,3,3,2,1,8,2,0.2115796129386567
32,1,3,4,2,0,6,3,0.12205835951652672
27,0,0,1,2,38,5,2,0.8638026549433292
33,0,3,4,3,76,7,2,0.5045714971936305
21,1,3,2,1,35,6,2,0.4488513055637217
33,0,7,1,2,229,8,3,0.9161088369866378
38,1,3,4,3,1,6,3,0.17446634856967164
29,1,7,4,2,11,6,2,0.19173799367157632
21,0,3,3,2,3,8,2,0.2115796129386567
29,1,3,1,3,3,6,1,0.9420752612176317
32,1,7,3,2,2,6,2,0.08677289082782383
19,1,7,3,2,10,5,3,0.16222822285069657
21,0,3,4,2,2,7,2,0.17020729105823318
24,0,1,4,1,3,6,3,0.0486605772887128
24,1,7,2,3,2,5,3,0.11192945168400854
32,0,7,1,0,1,11,3,0.5519206815495701
20,0,7,0,3,7,10,2,0.8444015846998059
21,1,7,4,2,83,8,3,0.13851507233090157
35,0,0,2,3,1,4,0,0.9725513863790884
33,1,7,4,2,173,5,2,0.5477271131353904
29,1,3,0,2,169,10,2,0.9809429137195483
32,1,7,0,2,128,9,2,0.9666067678836112
36,1,7,1,2,19,7,2,0.6801282715042763
38,0,3,3,2,61,8,3,0.3726910492540855
31,1,7,0,2,0,4,1,0.74717695582635
20,0,7,4,2,109,7,2,0.2963872599615633
35,0,7,4,2,2,4,2,0.06770942671755258
34,0,7,4,3,120,7,2,0.3903649274722598
31,1,7,1,3,3,5,2,0.49737036287702346
23,1,7,0,2,35,8,2,0.850075151553441
25,1,7,3,0,4,9,2,0.26148560225527767
25,0,7,4,1,5,4,2,0.07063023635685803
34,1,7,4,2,1,6,2,0.06770942671755258
23,0,3,2,3,61,6,2,0.6317339026650111
30,0,1,2,1,33,10,2,0.2933765338202381
21,0,3,4,0,7,7,2,0.6516185144181187
34,0,3,2,0,113,8,2,0.8483518490794398
27,1,7,1,2,42,8,2,0.8673392262823717
28,1,7,2,1,4,8,2,0.11348047509190055
24,1,3,3,0,10,4,2,0.692556396964197
27,1,3,4,2,1,7,1,0.35676082222336836
28,1,7,3,1,3,6,2,0.06417089461205494
22,1,7,4,1,66,8,2,0.14617156669624295
21,0,3,2,3,10,7,3,0.5376139353058357
31,0,7,3,0,186,5,3,0.7498768609870122
37,0,7,4,2,18,8,1,0.39077668936847837
27,1,7,4,3,38,7,3,0.3361386014765922
37,1,3,1,3,18,8,2,0.9012689558391219
19,1,3,3,2,2,7,3,0.14342323267346072
33,1,3,1,3,30,6,2,0.9012689558391219
37,0,0,4,2,2,7,2,0.09467131979796875
19,1,3,4,1,2,8,3,0.09118313753282856
32,0,1,1,2,1,5,3,0.48531334383254143
37,0,3,3,3,28,6,2,0.5712652677218227
26,1,7,4,2,235,5,3,0.4508020768233382
32,0,1,1,2,225,12,2,0.9586743879768174
32,0,7,0,3,218,6,3,0.9675573012556451
34,0,7,1,2,9,2,3,0.8280399087928886
20,1,3,4,1,16,5,3,0.24682631673778008
36,0,7,3,1,11,11,2,0.18298990743485014
27,0,7,3,3,63,8,3,0.22741615698116557
32,1,7,4,2,3,4,2,0.06770942671755258
32,1,7,4,2,56,4,3,0.4285179245933201
31,1,7,1,3,4,12,2,0.5892933539817659
25,1,1,0,2,61,9,1,0.9566624273651977
38,0,7,4,0,13,7,3,0.5092442579067384
30,1,7,3,3,10,5,2,0.320550086751266
32,0,7,4,2,1,8,2,0.06770942671755258
36,1,7,4,2,2,5,2,0.06770942671755258
37,0,3,1,3,32,5,4,0.9012689558391219
23,1,7,4,3,49,7,2,0.4276053908218187
19,1,7,2,3,95,11,1,0.7446549728212221
26,0,7,2,2,15,10,3,0.21310624157706284
34,1,7,4,2,179,4,2,0.5477271131353904
31,1,1,4,1,135,7,2,0.9873574042668775
21,0,1,0,0,12,4,2,0.9579678793391625
33,0,3,1,2,2,11,2,0.7318220303041513
30,0,7,3,3,1,8,3,0.08916853688468515
25,1,3,1,2,4,6,1,0.9145232060121089
23,1,7,3,2,1,7,1,0.20440572047666947
20,0,7,1,1,54,5,2,0.7606988015025506
37,0,7,4,2,1,7,3,0.0469161421399008
25,1,7,4,2,33,9,2,0.19173799367157632
37,0,3,4,2,5,7,2,0.22924216265835395
22,1,7,0,0,6,8,2,0.9733991294887026
36,1,7,3,2,6,6,2,0.2222124296375601
38,1,7,1,2,3,12,2,0.48556956474893215
25,0,3,1,1,12,5,2,0.812513978091017
24,1,7,3,2,1,8,2,0.08043270865844954
21,0,7,1,0,55,9,3,0.9252123335386232
22,0,7,2,2,6,7,2,0.1506541603958824
38,1,1,4,2,9,11,1,0.48013135612314384
26,0,7,2,0,0,4,0,0.6712164897709106
20,1,7,2,0,1,7,2,0.25456993055029564
27,1,7,4,2,108,8,2,0.2963872599615633
25,1,3,0,2,10,5,2,0.9412241832652388
20,1,3,2,3,21,6,2,0.6317339026650111
38,1,3,4,3,6,6,2,0.31135061170657247
21,0,0,4,2,29,6,2,0.731015615957452
31,0,7,4,1,6,8,2,0.07063023635685803
20,1,7,3,1,1,6,2,0.06417089461205494
36,1,3,4,0,50,11,3,0.8585850688578005
24,1,3,1,0,11,4,2,0.943708776447091
30,1,7,4,2,24,7,3,0.13851507233090157
33,0,7,4,3,2,11,3,0.06961888680922525
28,0,7,1,0,4,6,1,0.9136118294849241
27,1,3,0,2,4,6,2,0.8766791669282257
32,0,3,1,3,50,4,2,0.9655994920689823
30,1,3,3,0,10,6,2,0.8497819976442471
36,1,7,4,2,31,6,3,0.13851507233090157
24,1,3,4,3,11,11,2,0.5045714971936305
32,1,7,3,2,11,5,2,0.23684998372404348
25,1,7,4,2,2,9,2,0.06770942671755258
36,1,7,1,0,11,10,4,0.8980685915132466
28,0,3,1,3,224,4,3,0.9791158166332662
38,0,1,4,3,35,9,3,0.2603089198669121
28,1,7,4,2,108,7,2,0.2963872599615633
25,0,3,1,2,31,6,2,0.8991258406437996
35,1,3,4,3,0,5,3,0.17446634856967164
24,1,1,1,3,53,9,2,0.9346826720162051
21,1,3,1,2,5,4,2,0.7272118762611947
24,1,3,4,2,18,8,3,0.3122936162960593
19,1,7,2,2,3,9,2,0.10899547604453799
26,0,7,4,2,3,11,2,0.06770942671755258
38,1,3,3,2,30,5,3,0.3726910492540855
24,0,0,4,1,119,5,3,0.2287921819426589
26,1,7,4,2,31,7,2,0.19173799367157632
36,0,7,1,3,4,7,2,0.6804786849840826
22,1,7,4,3,5,8,2,0.13799151878469615
24,1,3,1,2,16,3,0,0.9810915494384082
23,0,1,2,3,48,7,4,0.6443466470219792
38,1,7,1,2,2,6,1,0.6377025750110237
31,0,7,4,2,7,11,3,0.13851507233090157
31,0,1,3,3,5,6,3,0.15835408022403077
31,1,3,1,3,8,4,2,0.9312679796610085
26,0,3,3,3,196,4,2,0.8622935166188029
29,1,3,1,2,6,3,2,0.9311220043363043
25,0,7,3,1,35,8,2,0.18298990743485014
35,0,7,4,1,4,5,3,0.048987114355277986
24,1,7,0,2,227,4,3,0.9515018761663215
23,1,7,4,1,213,7,3,0.3720053794267503
27,1,3,4,3,18,4,2,0.5045714971936305
30,0,7,1,0,16,5,2,0.8980685915132466
25,0,3,4,2,4,5,2,0.22924216265835395
20,1,7,4,2,0,4,3,0.0469161421399008
35,1,3,4,0,2,10,2,0.3641257631067116
19,1,3,0,0,165,6,2,0.9930891831354749
27,0,7,3,2,2,9,2,0.08677289082782383
34,1,7,3,2,10,10,2,0.23684998372404348
22,0,3,2,1,41,6,3,0.5334775831660098
37,1,7,4,2,9,4,2,0.19173799367157632
29,0,3,4,2,216,7,2,0.7737751171854721
21,0,7,4,3,10,7,3,0.19640828735719237
30,1,7,3,3,191,6,1,0.8668870604404392
38,0,3,3,1,2,6,2,0.1513033793430901
25,1,7,4,3,236,12,1,0.8327135347664527
20,0,3,3,3,197,11,2,0.871832933169638
19,0,7,2,3,73,4,2,0.3778702566185759
30,1,3,1,2,16,5,3,0.8027703092123406
34,1,7,4,2,59,10,2,0.3295081344382887
19,1,7,4,2,1,5,2,0.06770942671755258
26,0,7,4,2,4,6,2,0.0952756906627491
35,0,0,3,0,11,11,2,0.5345373918554425
21,0,0,4,3,7,4,2,0.3417643366081469
23,0,7,3,3,21,4,3,0.22741615698116557
22,1,7,4,1,8,8,2,0.14617156669624295
24,1,3,4,2,27,6,2,0.401193131209257
28,0,7,2,1,10,8,2,0.22381462580496778
33,0,3,3,3,27,9,2,0.5712652677218227
30,0,0,4,3,232,5,2,0.7260764618409107
37,1,0,4,3,1,5,2,0.1371572630938399
23,1,3,3,0,28,4,2,0.838904604947796
22,0,3,1,3,9,5,2,0.9312679796610085
21,0,1,0,2,38,8,1,0.9664357399530211
37,1,7,1,2,26,7,2,0.6801282715042763
35,0,3,3,2,164,10,3,0.7362885493207384
21,0,7,0,0,179,4,2,0.9946755022824627
32,0,0,4,2,76,8,3,0.18798658651749098
36,1,7,3,2,156,8,1,0.7977250563665184
37,0,7,1,2,6,9,2,0.6801282715042763
25,1,7,0,2,21,4,1,0.9061302530026976
28,0,1,4,2,4,8,2,0.1316642413333047
26,1,7,2,3,2,12,2,0.1567963811617384
25,0,7,4,3,50,5,2,0.4276053908218187
21,1,7,3,1,30,5,3,0.12261092824308445
36,0,7,2,2,17,4,3,0.21310624157706284
19,1,7,4,2,0,5,2,0.06770942671755258
26,0,7,4,2,9,6,2,0.19173799367157632
37,0,7,1,1,119,5,2,0.8017537238069721
38,1,7,1,3,32,6,2,0.763712844466626
26,1,3,1,3,67,11,3,0.9018020702740305
21,0,7,4,2,107,3,2,0.4867208078410534
38,1,1,4,1,4,6,1,0.2283223698049469
33,0,7,2,2,6,6,2,0.1506541603958824
38,1,7,4,2,1,10,2,0.06770942671755258
27,0,7,3,2,0,8,3,0.05596671563142542
31,0,7,0,3,8,8,2,0.8960394822889021
31,0,7,3,2,155,10,2,0.6130664235278493
33,0,3,4,2,7,8,3,0.3122936162960593
24,0,7,4,3,5,8,3,0.09788092345453299
38,1,7,2,0,5,9,3,0.25128998341775116
37,1,7,0,3,31,7,2,0.8960394822889021
23,0,3,4,2,1,11,2,0.17020729105823318
38,0,3,1,2,191,3,2,0.9903320985372248
36,1,7,2,1,56,5,1,0.6176251996679346
33,1,1,4,2,80,9,2,0.25460057342619274
33,1,1,3,3,6,10,2,0.23168663426048472
30,1,7,1,0,3,6,1,0.8309062779491841
22,0,3,4,3,22,7,3,0.4083874786832369
21,1,7,1,2,0,7,3,0.39572838841414987
30,1,7,2,0,8,7,2,0.5272920785144884
27,1,7,4,2,8,7,3,0.13851507233090157
33,1,3,4,0,103,4,2,0.7685881835460663
26,1,7,4,0,56,6,2,0.5784093084369945
26,0,7,4,0,10,3,3,0.502602703471826
32,0,3,2,0,207,11,2,0.941463500619538
22,0,3,3,2,196,6,2,0.8173477397232973
23,1,7,3,3,0,11,2,0.1262083708756705
21,0,7,1,0,9,6,3,0.9324549869845199
23,0,7,4,2,84,11,2,0.2963872599615633
36,1,7,2,2,11,7,3,0.21310624157706284
34,0,7,1,2,63,7,2,0.7593810169389497
34,1,7,3,1,4,11,3,0.0584127129979245
24,1,3,4,0,214,5,3,0.8661672498628995
31,0,7,4,2,31,6,2,0.19173799367157632
29,1,7,4,1,19,7,2,0.14617156669624295
25,0,7,4,1,11,7,2,0.14617156669624295
26,1,7,4,1,0,5,3,0.034305763809608196
30,0,7,4,1,200,4,3,0.3720053794267503
31,0,7,4,3,2,8,2,0.09942441049554852
20,1,7,3,3,235,8,2,0.7066155617826472
34,0,3,4,2,88,8,2,0.5433159088079472
36,1,7,4,2,26,5,2,0.19173799367157632
28,0,7,3,2,3,8,2,0.08677289082782383
35,1,0,4,3,0,6,3,0.09726180319986935
28,1,7,1,1,1,8,2,0.3196253412018883
36,1,7,4,2,71,6,3,0.13851507233090157
38,1,3,3,2,0,7,2,0.19809839732023654
28,1,7,4,2,5,5,3,0.0666218676473796
25,0,7,4,2,51,4,2,0.3295081344382887
22,1,3,1,0,15,4,2,0.9613654099685319
19,0,7,3,3,2,11,3,0.08916853688468515
23,0,3,4,3,64,5,3,0.4083874786832369
35,0,7,3,1,12,6,2,0.18298990743485014
27,0,7,1,0,126,6,2,0.9859262323263268
26,1,7,4,2,2,7,2,0.06770942671755258
33,1,7,1,0,7,5,2,0.9532003153610481
35,1,3,3,3,0,8,2,0.27300304093662764
20,0,3,4,2,222,7,2,0.7737751171854721
33,1,1,4,3,22,5,2,0.3417643366081469
38,1,7,3,1,3,7,2,0.06417089461205494
22,1,1,4,2,204,6,2,0.6355319873203712
37,0,3,4,3,11,7,3,0.4083874786832369
37,1,1,4,1,4,10,2,0.09863214861827935
19,0,7,2,0,4,5,3,0.25128998341775116
20,1,3,1,2,216,8,2,0.9784964079389573
35,1,7,1,3,9,3,3,0.8314100968570922
33,0,7,3,1,45,8,3,0.22450762852947834
24,1,7,4,0,2,6,2,0.1685748023948792
27,1,7,4,3,15,8,2,0.2650325116032955
20,1,7,2,2,3,5,3,0.10732111221959086
38,0,7,2,2,2,7,2,0.10899547604453799
22,0,7,4,2,3,7,2,0.0952756906627491
21,1,3,1,2,197,5,3,0.9685948692707739
35,0,0,2,1,7,6,1,0.5288844965177428
22,1,7,4,2,2,5,3,0.0469161421399008
27,0,7,2,2,27,8,3,0.21310624157706284
33,1,7,0,0,11,6,3,0.914739340863922
32,1,7,4,3,5,5,3,0.09788092345453299
20,1,7,3,0,35,6,2,0.4642186972337638
28,0,7,4,1,8,4,2,0.14617156669624295
37,1,1,3,0,75,6,2,0.5345373918554425
37,0,1,4,0,0,11,2,0.2259662923463909
33,0,3,4,3,69,7,3,0.4083874786832369
27,0,7,0,1,7,7,2,0.720385435581409
19,0,7,3,3,34,6,3,0.24228971076103156
25,0,3,1,3,77,10,2,0.9312679796610085
26,0,7,3,3,27,8,2,0.3027921576658018
34,1,1,3,2,17,6,2,0.29146336227934916
23,1,0,3,3,2,4,3,0.11485414506901757
19,0,3,1,3,30,7,3,0.9018020702740305
33,1,0,0,2,7,7,2,0.8371398449267301
31,0,7,4,3,2,5,0,0.22208436251305605
31,0,7,1,2,12,5,2,0.6801282715042763
30,0,7,1,3,10,4,2,0.8275085311137813
26,1,0,1,0,192,6,3,0.9971449597499408
28,0,3,1,2,45,5,2,0.9486266195930647
19,1,7,4,1,5,5,3,0.048987114355277986
29,0,3,4,2,2,10,3,0.12205835951652672
28,0,7,4,0,5,5,1,0.44287788825745295
22,0,7,3,1,11,7,2,0.9275141782539784
25,1,7,1,0,106,18,2,0.9133477696785759
32,0,7,4,2,2,6,2,0.06770942671755258
35,1,7,1,0,16,4,4,0.8980685915132466
28,0,7,4,3,26,8,1,0.493683853920291
27,0,7,4,1,216,5,3,0.3720053794267503
38,0,3,1,3,39,8,3,0.9500625141347985
32,1,7,3,3,38,5,2,0.4736018134052763
26,0,1,1,0,237,11,2,0.9847937605695707
28,1,7,0,2,163,5,2,0.9666067678836112
21,1,7,3,0,23,5,1,0.6832061899923186
24,0,3,4,0,12,4,3,0.5590331867041001
24,0,7,2,2,208,11,3,0.5802854977637721
32,1,1,2,3,3,4,4,0.2111964979131516
22,0,0,4,2,20,9,2,0.25460057342619274
26,0,7,4,2,49,4,3,0.24986498513370112
38,0,3,0,3,226,5,1,0.9970328720965553
30,1,7,4,3,75,5,3,0.19640828735719237
29,0,3,4,2,3,4,3,0.12205835951652672
38,1,7,4,3,5,7,4,0.13799151878469615
27,0,7,3,2,4,5,2,0.12109230354434995
19,1,7,4,2,12,4,4,0.19173799367157632
27,1,7,3,2,54,4,2,0.39134031552552034
36,1,3,4,3,18,7,2,0.5045714971936305
34,0,3,4,2,20,4,2,0.6013122350918161
33,1,7,4,3,4,11,3,0.09788092345453299
21,1,7,4,2,62,9,2,0.19173799367157632
33,1,3,4,2,6,10,2,0.22924216265835395
35,1,1,4,2,2,7,3,0.06618596215903105
24,0,7,4,1,89,9,3,0.1708413789233215
36,0,7,1,0,190,8,2,0.9782509092523439
21,1,7,4,2,39,11,2,0.3295081344382887
20,1,7,4,2,1,18,2,0.06770942671755258
25,0,7,0,2,12,5,2,0.850075151553441
31,0,7,4,2,4,12,2,0.0952756906627491
34,0,7,1,3,234,10,2,0.9428588435009359
26,0,3,2,2,9,11,2,0.5301832089223527
27,1,7,4,2,25,5,2,0.19173799367157632
20,1,7,3,3,1,4,3,0.08266915896549125
37,1,3,4,3,6,7,2,0.5045714971936305
36,1,7,1,3,0,5,2,0.49737036287702346
22,0,7,3,2,98,8,2,0.3552977464809249
21,0,3,2,2,112,7,3,0.5759459953105931
25,0,7,3,0,3,6,2,0.19626167089773988
30,0,7,4,1,2,6,2,0.04980215760699774
31,0,7,4,2,48,3,2,0.5252338979610447
29,0,3,0,3,12,6,1,0.9850346808115543
29,0,3,4,1,3,7,2,0.12894135123287565
34,1,3,4,2,35,7,2,0.401193131209257
25,0,3,4,3,18,5,3,0.4083874786832369
27,0,7,4,2,17,8,2,0.19173799367157632
21,0,7,1,2,0,8,2,0.4914074137621636
34,1,7,1,0,8,7,2,0.9532003153610481
35,1,7,1,0,111,6,2,0.939921344351182
20,0,3,4,2,3,9,2,0.17020729105823318
22,0,7,4,0,48,12,2,0.7602861820295751
37,0,7,2,0,161,7,2,0.850626701265653
29,1,7,4,3,23,5,2,0.2650325116032955
29,1,7,1,2,12,5,1,0.8951064650313841
37,1,1,0,3,3,5,2,0.7052072685978714
33,1,3,4,2,44,8,3,0.48473668424663047
27,1,7,1,2,22,9,2,0.6801282715042763
24,1,3,4,2,106,8,2,0.5433159088079472
26,1,3,4,3,47,5,3,0.5884860853416161
26,1,7,1,3,1,8,1,0.7279386513634619
22,1,3,2,3,137,6,1,0.9594808728411227
32,0,7,4,3,3,10,2,0.09942441049554852
31,0,7,1,0,67,12,3,0.8009267673563681
37,0,7,1,0,53,11,3,0.9662151012504788
25,0,7,1,2,148,7,2,0.9415599656337198
21,1,7,2,2,175,6,3,0.5802854977637721
29,0,7,4,3,61,5,2,0.9572279108810282
22,1,7,4,2,9,11,2,0.19173799367157632
38,1,7,4,3,5,11,2,0.13799151878469615
33,0,1,0,3,31,4,0,0.9829729732752995
24,0,7,4,3,28,9,2,0.2650325116032955
36,0,7,1,2,180,5,2,0.9156461283811059
19,0,7,1,3,8,2,2,0.8791681197185666
21,1,7,4,3,182,4,2,0.9913233362528607
19,1,7,3,2,165,8,3,0.5178170227768881
25,1,7,2,3,1,5,2,0.1567963811617384
30,1,3,3,1,9,8,2,0.3874698353868201
21,0,7,0,1,7,10,2,0.720385435581409
33,0,7,1,2,160,8,3,0.9161088369866378
38,0,3,1,2,120,7,2,0.9142616705473912
38,1,7,3,1,3,9,3,0.04441251181277217
35,0,1,1,0,10,8,2,0.9518255592723212
32,0,7,1,2,50,5,2,0.8149811489642007
33,0,3,3,2,3,4,3,0.15389771627945556
37,1,7,4,2,22,7,2,0.19173799367157632
21,1,3,4,2,7,7,2,0.401193131209257
32,1,7,3,3,13,7,3,0.24228971076103156
23,0,7,1,2,27,7,2,0.6801282715042763
27,1,3,1,3,18,4,2,0.9312679796610085
29,0,7,4,2,84,6,0,0.6367165868276662
36,1,7,4,3,11,8,3,0.19640828735719237
19,0,3,4,2,33,6,1,0.6443309079785957
37,0,1,1,3,157,3,2,0.9875595515469137
37,1,7,1,3,10,3,3,0.8314100968570922
34,1,7,1,0,36,6,1,0.9913112748543327
31,1,7,3,2,34,5,2,0.2222124296375601
38,1,1,3,2,194,6,2,0.6774244046032873
24,1,7,1,2,35,7,2,0.6801282715042763
19,1,7,4,3,3,8,2,0.09942441049554852
25,1,7,4,1,9,5,1,0.3164268895622758
34,1,7,1,2,168,6,2,0.9156461283811059
36,0,7,4,2,3,5,3,0.0666218676473796
29,1,7,3,0,2,6,3,0.2936022193397801
22,1,7,4,2,216,8,1,0.7660606225444355
34,0,7,2,1,226,10,2,0.5954819410168474
38,0,7,2,3,15,7,3,0.2916219333340934
29,0,7,2,3,219,6,0,0.8891142971998491
24,1,7,1,0,5,6,3,0.8050246751025973
37,1,3,1,2,217,12,0,0.9875430968358485
26,0,7,4,1,4,7,3,0.048987114355277986
21,0,7,4,1,1,5,2,0.04980215760699774
27,0,7,3,2,225,5,2,0.6130664235278493
22,1,7,1,2,5,5,3,0.4870698484270881
27,1,7,1,3,9,5,2,0.9966525426416377
29,0,7,3,3,4,7,3,0.11557091292248328
23,0,7,4,3,22,5,2,0.2650325116032955
27,0,3,2,2,21,6,3,0.4333878058217357
28,0,7,1,3,163,5,2,0.9607709898690453
26,1,7,4,2,232,7,3,0.4508020768233382
20,0,7,0,2,15,7,3,0.7075770078457801
25,0,3,4,3,2,5,3,0.17446634856967164
22,1,3,4,1,150,8,1,0.8696952329082515
32,0,7,1,3,53,7,4,0.9085799075031477
35,1,7,0,2,41,4,2,0.9215457317556898
29,0,7,3,2,68,10,3,0.16222822285069657
24,0,0,4,2,16,4,2,0.25460057342619274
19,1,3,3,1,2,7,2,0.16224435963257305
37,0,3,4,2,57,6,2,0.5812360910981134
21,0,7,4,2,18,5,2,0.19173799367157632
38,1,1,3,0,30,10,2,0.5550662000087515
30,1,1,2,0,107,11,2,0.7403914923971168
20,1,3,1,1,7,5,2,0.812513978091017
33,1,3,4,2,3,6,3,0.12205835951652672
26,0,0,3,2,1,5,3,0.07864711961450245
23,0,3,1,2,1,4,3,0.6490724524278824
34,1,7,3,3,9,5,3,0.22741615698116557
38,1,7,1,2,33,7,3,0.6814334044724342
24,1,7,1,0,18,12,0,0.9933985748782638
36,0,3,4,2,1,5,2,0.17020729105823318
29,1,7,4,2,16,5,3,0.13851507233090157
31,0,7,1,0,1,4,1,0.944011591369343
24,0,7,4,2,1,5,2,0.06770942671755258
20,0,7,3,0,9,4,2,0.4642186972337638
34,0,3,4,2,5,10,3,0.16776966098078253
28,1,7,2,3,5,5,2,0.2123702534417876
21,0,7,2,0,5,5,0,0.5615003744883161
25,0,3,1,2,10,5,2,0.8991258406437996
29,1,7,4,2,6,7,2,0.0952756906627491
37,1,3,4,2,170,7,2,0.7737751171854721
22,1,7,4,1,12,7,3,0.1039700280549616
29,1,1,3,3,7,4,2,0.4045088744554291
22,0,1,1,0,207,11,3,0.9777258922143557
25,0,7,4,1,8,9,3,0.1039700280549616
28,1,7,4,3,11,8,3,0.19640828735719237
20,1,1,4,0,0,6,2,0.2259662923463909
34,0,3,2,3,56,7,2,0.780401630869964
34,0,0,4,1,6,7,3,0.06904592060832918
34,1,3,2,1,35,7,2,0.4488513055637217
27,1,3,4,0,97,2,3,0.8351900628124211
34,1,7,0,2,11,5,2,0.7811818727957353
37,1,7,4,2,0,5,2,0.06770942671755258
31,0,7,4,1,223,4,2,0.46637549669581
29,1,7,1,2,37,8,3,0.7490938474639302
31,1,7,3,2,3,4,3,0.06050523749379667
26,0,3,2,3,198,5,2,0.8975147261686591
25,1,3,2,2,10,6,3,0.4333878058217357
33,0,3,1,1,54,6,2,0.9301958924387905
35,0,7,3,2,44,9,0,0.6048229718612856
37,1,7,3,3,12,7,2,0.3027921576658018
34,1,7,4,2,4,5,3,0.0666218676473796
37,0,1,2,0,36,9,2,0.6162849212005244
24,1,1,4,1,18,4,2,0.3568677500472964
36,1,3,1,0,4,6,2,0.9169878669565338
26,1,7,3,1,52,10,3,0.22450762852947834
23,1,7,4,2,6,11,2,0.0952756906627491
26,0,7,4,2,4,7,2,0.0952756906627491
36,0,7,2,2,52,5,2,0.45288159490426627
34,1,7,0,2,109,8,2,0.9096513926938212
28,0,7,4,2,17,5,2,0.19173799367157632
36,1,7,1,2,11,7,2,0.7593810169389497
22,0,7,4,2,8,5,2,0.19173799367157632
31,1,3,1,3,91,10,2,0.9600948668884944
20,1,7,4,1,3,4,2,0.07063023635685803
29,1,7,4,2,62,6,2,0.19173799367157632
28,1,7,1,0,7,7,3,0.8009267673563681
21,1,7,4,3,163,11,3,0.5551131985354308
38,0,7,4,2,3,5,0,0.21403379164206074
34,1,7,3,2,83,5,3,0.1737974195454624
22,1,3,4,2,6,6,2,0.401193131209257
36,1,7,3,2,1,4,3,0.06050523749379667
38,1,7,4,0,29,7,2,0.604894970501759
38,1,7,4,3,28,5,3,0.19640828735719237
28,1,3,3,2,22,7,2,0.4465649943580163
34,1,3,3,2,35,6,2,0.4671057291157117
37,0,3,0,3,174,7,2,0.9920174394688329
32,0,3,3,3,93,4,2,0.702913504273129
36,1,7,4,2,3,7,2,0.06770942671755258
29,0,3,4,2,212,6,1,0.9024245848563444
22,0,7,4,1,1,5,3,0.034305763809608196
36,1,7,1,0,45,14,2,0.9877803340828097
29,1,7,4,1,36,6,3,0.19379685508492317
35,1,7,4,0,50,8,3,0.48183921213735564
24,0,0,3,0,16,10,0,0.9865477514326779
35,1,3,1,2,0,6,3,0.6490724524278824
19,0,7,4,2,2,8,3,0.0469161421399008
31,1,7,2,3,84,10,3,0.2916219333340934
34,0,3,1,3,78,7,2,0.9312679796610085
26,1,7,2,1,57,8,2,0.37396892316912644
25,0,3,4,2,27,5,2,0.401193131209257
27,1,1,2,3,32,7,2,0.46653371241328345
19,1,3,1,1,4,5,2,0.7406322557462726
33,0,7,4,2,83,5,2,0.19173799367157632
32,1,7,4,2,7,6,3,0.13851507233090157
37,1,7,4,0,12,5,2,0.3984089101362767
26,1,3,1,3,27,6,3,0.9018020702740305
26,1,3,4,1,2,6,0,0.2768229441824935
25,1,1,0,0,3,6,1,0.9496657967045544
29,1,7,4,2,3,6,2,0.06770942671755258
25,0,3,3,2,33,10,3,0.3726910492540855
25,0,7,1,0,63,11,2,0.8558226120892807
23,0,3,3,2,4,8,2,0.2637324381232358
19,1,3,4,2,5,7,2,0.22924216265835395
37,1,7,3,0,16,5,3,0.5758377837653375
29,0,1,4,2,58,16,2,0.9920554902081421
21,0,3,3,3,75,6,1,0.7827429456913858
32,0,7,4,2,3,6,2,0.06770942671755258
20,1,7,4,2,14,5,2,0.19173799367157632
38,0,7,4,3,21,7,2,0.2650325116032955
27,1,7,4,3,32,5,2,0.2650325116032955
20,1,3,1,2,3,6,1,0.8806494160904836
37,1,7,4,3,16,6,2,0.2650325116032955
27,1,1,4,1,5,6,2,0.09863214861827935
19,0,7,1,3,5,5,1,0.8520385929937592
25,1,3,1,2,2,15,3,0.8402395281148497
34,0,7,3,2,45,5,0,0.6048229718612856
28,0,0,1,2,138,4,2,0.9946114445318933
30,0,3,3,2,1,6,3,0.14342323267346072
22,1,7,3,2,70,9,2,0.23684998372404348
27,0,7,4,0,0,6,2,0.1685748023948792
20,1,7,4,2,128,5,2,0.5477271131353904
31,0,7,4,2,6,8,2,0.19173799367157632
30,0,7,1,3,24,11,3,0.686589351812313
29,0,3,0,3,39,7,2,0.9694675201484428
32,1,3,4,3,1,3,1,0.6549260526584489
25,0,3,1,0,7,7,2,0.943708776447091
32,1,7,4,2,2,7,3,0.0469161421399008
24,1,3,4,2,212,8,0,0.8984233221386818
27,1,7,4,1,36,4,2,0.14617156669624295
33,1,7,4,2,1,9,3,0.0469161421399008
19,0,3,2,3,28,5,3,0.5376139353058357
19,0,3,1,3,45,6,2,0.9655994920689823
24,1,3,4,1,53,5,3,0.40437586433525874
36,0,7,4,2,35,4,3,0.13851507233090157
38,0,7,2,1,57,6,2,0.37396892316912644
37,1,3,4,2,36,8,3,0.3122936162960593
34,0,7,4,0,2,9,2,0.31913290784050563
22,0,3,0,0,11,7,3,0.9501955158538048
29,0,7,3,3,91,6,2,0.43540262165865856
28,0,1,1,2,98,9,2,0.8897329643128852
24,0,7,4,2,3,11,2,0.06770942671755258
33,1,7,4,2,3,7,2,0.06770942671755258
27,0,3,0,2,178,4,4,0.9879158013730999
20,0,7,4,3,3,12,2,0.23892364891603074
36,0,7,0,0,80,3,2,0.9727024141542371
29,1,7,4,1,1,5,2,0.04980215760699774
38,0,3,1,2,79,9,2,0.8991258406437996
25,0,7,1,0,15,9,3,0.8565620666202416
26,1,7,4,1,28,6,3,0.1039700280549616
33,1,7,0,2,28,5,1,0.9387679991391248
37,1,3,2,0,197,8,3,0.9159741097829787
22,0,1,1,1,33,10,3,0.599595209730485
37,0,0,4,3,66,7,2,0.8051132268144889
38,0,3,4,2,25,8,2,0.401193131209257
33,0,7,4,2,16,3,3,0.265759187632013
23,1,7,4,3,5,5,3,0.09788092345453299
23,0,7,1,2,0,10,2,0.3942931793968014
37,0,7,4,2,4,10,2,0.0952756906627491
29,0,3,3,3,9,9,2,0.5508791173092622
33,1,3,0,3,22,6,2,0.9605409635188147
24,1,7,0,0,10,5,2,0.940579001845366
25,1,7,4,3,4,7,2,0.13799151878469615
38,1,7,3,2,117,5,2,0.3552977464809249
29,1,7,4,3,17,5,2,0.2650325116032955
29,1,3,3,2,2,7,2,0.2115796129386567
35,0,3,1,2,54,5,1,0.9803648401721085
33,1,0,3,1,103,6,2,0.36412771972208446
31,0,7,4,2,8,5,3,0.13851507233090157
19,0,3,2,0,4,7,2,0.5830819502896853
21,0,7,0,2,9,4,0,0.9361516223490771
24,1,1,1,2,19,9,1,0.9247375724406629
38,0,7,4,2,15,8,3,0.13851507233090157
37,1,3,1,0,118,5,2,0.9674999649502435
20,1,7,4,2,53,11,2,0.3295081344382887
23,0,3,1,1,28,5,1,0.9456313069094796
25,0,7,3,1,7,5,3,0.12261092824308445
21,1,7,4,0,1,7,0,0.599680984129965
32,0,7,0,3,6,9,3,0.7217085007942965
35,0,7,1,1,222,5,3,0.8873968014292406
28,1,3,2,0,31,5,1,0.8949418765515244
35,1,7,4,3,4,5,2,0.13799151878469615
23,1,3,4,0,13,6,2,0.6516185144181187
26,1,1,4,2,5,10,3,0.09319398502573192
23,1,3,1,3,16,10,2,0.9012689558391219
24,1,7,4,3,12,7,2,0.2650325116032955
29,1,7,4,1,1,11,2,0.04980215760699774
34,1,7,1,1,1,6,2,0.4108224364416618
27,1,7,4,2,0,7,3,0.0469161421399008
31,0,3,4,0,6,5,2,0.45364898003732856
29,0,3,4,2,184,10,2,0.7737751171854721
23,0,3,1,3,3,11,2,0.8057565243602144
35,0,7,4,2,0,6,2,0.06770942671755258
22,0,7,2,1,0,7,2,0.08111926111917885
28,0,3,2,1,28,5,2,0.4488513055637217
30,0,7,0,2,205,7,1,0.9801114640979869
21,1,7,3,2,4,5,2,0.11255358228323815
31,1,7,3,1,44,8,1,0.5564664175885835
19,1,7,4,3,3,5,3,0.06961888680922525
27,0,7,3,1,10,4,2,0.17093539450441786
22,1,7,4,2,8,5,2,0.19173799367157632
20,1,7,3,3,103,6,2,0.45585282658658766
29,0,3,4,3,9,8,3,0.4083874786832369
37,1,3,3,0,11,11,2,0.838904604947796
33,0,7,4,1,21,7,2,0.14617156669624295
21,1,3,1,3,1,4,3,0.737641732963824
22,1,0,3,2,17,10,2,0.3088512077196996
23,0,7,2,3,32,6,3,0.2916219333340934
28,1,7,2,2,70,7,2,0.2854919466483189
34,0,3,2,0,29,6,2,0.8792704354447299
29,0,1,2,2,6,5,1,0.6087020356756472
37,0,1,1,0,6,7,2,0.8952522920689405
25,0,7,1,0,29,12,3,0.9029200408514009
24,1,3,1,0,39,6,2,0.9916784864130549
24,0,7,4,2,3,6,3,0.0469161421399008
22,1,1,0,3,28,9,4,0.9254289815976484
37,1,7,4,3,3,6,3,0.06961888680922525
20,0,3,2,2,11,7,2,0.5301832089223527
21,0,7,4,2,16,7,2,0.19173799367157632
29,1,7,4,2,3,5,3,0.0469161421399008
29,0,1,1,0,6,6,2,0.8492050066714355
35,1,7,1,1,12,5,2,0.6948931752090076
21,0,7,1,0,48,4,2,0.9480582104599331
35,0,7,0,2,4,11,3,0.6304550577909968
22,1,3,4,1,2,6,1,0.28584632735618654
33,0,7,3,2,61,5,2,0.2222124296375601
20,0,3,1,2,4,8,2,0.7982592700637847
37,0,3,4,0,148,8,2,0.90520193894796
31,0,3,4,1,87,4,3,0.3678583157721163
35,1,7,3,1,3,7,1,0.15641139011259297
35,0,3,4,0,4,6,2,0.45364898003732856
32,0,7,2,2,11,5,2,0.2854919466483189
26,1,7,1,2,7,6,2,0.6801282715042763
33,1,3,3,1,52,11,2,0.5671875985611868
31,0,1,3,2,1,8,3,0.08485953984730603
30,0,7,4,0,11,4,1,0.8054341912958342
22,0,7,4,0,3,5,2,0.1685748023948792
34,0,7,4,1,9,7,2,0.14617156669624295
31,1,7,4,1,35,5,2,0.14617156669624295
32,1,7,4,0,6,8,4,0.4046333923668086
24,0,3,4,2,151,6,2,0.7737751171854721
20,1,7,4,2,10,9,2,0.19173799367157632
28,0,7,0,2,11,5,3,0.7935189258569222
36,0,3,4,2,5,8,3,0.16776966098078253
32,0,3,1,1,47,6,1,0.9729963996384461
23,0,7,3,0,15,8,2,0.4642186972337638
23,1,7,4,3,2,11,3,0.06961888680922525
24,0,3,0,3,99,4,2,0.9645591231495761
36,0,3,4,0,1,7,2,0.5696689957240569
32,1,7,3,0,1,7,2,0.19626167089773988
25,1,0,2,2,70,5,3,0.2805428995680137
35,0,7,2,3,6,12,0,0.6109905645128729
21,0,3,4,1,28,4,2,0.32592173020100806
25,0,7,1,0,10,5,2,0.8558226120892807
31,0,7,4,2,11,8,1,0.39077668936847837
26,1,3,4,3,6,6,3,0.23456086545504606
25,0,3,4,2,15,7,2,0.401193131209257
37,0,7,4,2,33,4,1,0.39077668936847837
28,0,7,4,2,31,6,2,0.19173799367157632
22,0,7,1,2,1,7,2,0.3942931793968014
24,0,1,4,3,10,6,2,0.3417643366081469
37,0,3,1,2,98,7,1,0.9771670350202469
29,1,7,3,0,4,6,2,0.4706669397679539
31,0,7,4,1,2,5,2,0.04980215760699774
27,0,7,4,3,21,7,3,0.19640828735719237
38,1,3,1,2,10,7,1,0.9419872781169868
21,1,1,4,1,2,7,3,0.0486605772887128
20,1,7,4,2,1,8,2,0.06770942671755258
21,1,7,4,2,156,5,3,0.4508020768233382
36,0,7,4,0,2,12,2,0.1685748023948792
24,1,3,1,0,78,10,3,0.9440269620834761
22,1,7,4,2,5,7,2,0.0952756906627491
38,1,3,2,2,197,6,1,0.9396777263573242
30,1,1,1,2,5,4,2,0.668569450079269
38,1,7,1,3,13,6,2,0.8275085311137813
31,0,7,4,0,3,10,2,0.1685748023948792
27,0,7,1,0,77,6,1,0.9413499512202117
30,0,7,1,0,227,6,2,0.9994685639685156
19,0,3,4,1,66,7,1,0.5666064740649351
22,1,3,4,2,2,7,2,0.17020729105823318
34,0,3,4,1,16,8,2,0.32592173020100806
22,0,7,4,2,31,5,3,0.13851507233090157
30,0,7,4,2,91,10,2,0.2963872599615633
23,0,3,0,2,13,7,2,0.9412241832652388
36,0,7,4,2,2,4,2,0.06770942671755258
20,0,3,4,0,11,5,2,0.6516185144181187
38,1,7,4,3,7,5,3,0.19640828735719237
37,0,7,1,2,194,4,2,0.9156461283811059
36,0,7,1,3,10,8,2,0.763712844466626
20,1,7,1,2,24,9,2,0.6801282715042763
35,1,7,1,2,33,7,2,0.7593810169389497
34,0,7,4,2,1,7,2,0.06770942671755258
37,0,7,1,2,4,7,3,0.39015523490096693
37,0,7,3,2,27,6,2,0.2222124296375601
23,0,7,2,3,6,7,2,0.2123702534417876
24,1,3,4,2,47,7,2,0.5812360910981134
31,0,3,3,2,51,5,3,0.531175650790311
28,0,0,1,2,5,4,2,0.8195281506975587
34,1,7,4,3,80,5,2,0.2650325116032955
34,1,1,2,2,161,11,2,0.7460015725248021
26,1,7,2,0,2,7,3,0.18796193938017733
19,1,7,2,0,30,4,2,0.5272920785144884
31,0,7,3,1,1,5,2,0.06417089461205494
22,1,3,1,2,174,10,2,0.9684116697565233
23,0,7,4,3,4,8,2,0.13799151878469615
20,0,7,1,1,10,5,3,0.5098103902815762
25,1,7,4,2,3,12,2,0.0952756906627491
28,0,3,0,1,167,10,2,0.9737856048489756
36,0,7,3,2,71,6,2,0.23684998372404348
28,1,7,2,3,62,6,4,0.3778702566185759
34,1,7,4,2,103,6,2,0.2963872599615633
36,0,7,4,3,30,6,2,0.2650325116032955
30,1,3,1,3,17,8,2,0.9312679796610085
22,1,7,2,3,58,7,3,0.46029035301680715
25,1,3,0,2,41,12,3,0.957420705381236
23,1,3,1,2,218,5,0,0.9875430968358485
34,1,7,4,3,6,6,3,0.09788092345453299
21,1,1,3,0,221,5,2,0.9312864255970434
31,0,3,1,2,1,5,2,0.7318220303041513
35,1,0,1,3,57,8,2,0.9060236385365147
33,1,7,1,2,22,10,2,0.7593810169389497
36,0,7,4,2,5,5,2,0.0952756906627491
23,0,7,4,2,23,6,2,0.19173799367157632
29,1,7,1,3,207,7,2,0.9607709898690453
34,0,0,1,3,11,8,2,0.9976727391118209
37,0,3,2,2,3,5,3,0.2534792817345729
23,1,7,1,2,30,11,2,0.7593810169389497
29,0,3,3,2,9,6,2,0.4671057291157117
33,0,7,4,2,0,6,3,0.0469161421399008
31,0,0,4,3,31,5,2,0.3417643366081469
29,1,7,1,1,8,11,3,0.5098103902815762
28,0,3,4,0,22,4,2,0.8121686412912372
24,0,3,1,2,2,7,2,0.7318220303041513
21,1,7,1,3,6,6,2,0.5892933539817659
25,1,7,3,3,7,7,2,0.320550086751266
20,1,7,2,2,8,10,2,0.2854919466483189
27,1,7,1,3,3,6,2,0.49737036287702346
31,1,7,3,1,73,7,2,0.17093539450441786
35,1,7,2,2,2,6,2,0.10899547604453799
29,0,7,4,2,8,6,2,0.19173799367157632
29,1,7,1,3,213,5,3,0.9431815441239387
28,1,7,4,2,116,8,2,0.2963872599615633
38,0,7,3,1,152,9,3,0.43661916399691836
29,0,3,3,3,222,4,2,0.9386987941013721
35,1,3,2,2,146,11,4,0.8520949844091797
38,0,7,4,0,6,4,2,0.604894970501759
24,0,3,1,2,9,7,2,0.8991258406437996
35,0,0,4,3,22,11,3,0.7368465257954163
38,1,7,1,0,56,7,3,0.892874278522738
37,1,7,4,3,77,13,2,0.5062679309824504
38,1,7,3,1,3,6,2,0.08385300262590746
24,1,7,4,3,4,8,2,0.13799151878469615
25,1,7,4,2,19,12,3,0.13851507233090157
32,0,0,1,2,11,6,2,0.9947643924520975
22,1,7,1,2,2,7,2,0.4914074137621636
38,0,7,4,2,4,6,2,0.0952756906627491
38,0,7,4,0,1,6,3,0.12082043562299201
25,1,0,4,2,6,7,2,0.1316642413333047
29,0,7,4,0,119,9,2,0.5404355427357926
29,1,3,4,3,3,8,3,0.17446634856967164
23,0,1,0,2,172,9,2,0.976568661448515
29,0,7,1,2,126,7,2,0.9156461283811059
32,0,7,4,0,6,7,3,0.16615587055551284
32,0,1,4,1,82,7,3,0.14315377952790126
20,0,7,0,2,120,4,2,0.947985416670765
28,0,3,1,3,3,10,2,0.8057565243602144
35,0,1,2,2,204,5,3,0.6656281901080415
34,1,3,3,0,45,11,2,0.835240914936525
32,1,3,4,1,52,6,3,0.40437586433525874
29,0,7,3,1,42,5,2,0.3169390674007986
19,1,3,4,2,5,5,2,0.22924216265835395
27,0,1,4,2,8,4,1,0.6752254751568765
23,1,7,1,2,153,10,3,0.8803435271714264
19,1,7,3,2,3,8,2,0.08043270865844954
23,0,7,4,1,34,6,0,0.5584684316546183
36,1,7,2,3,35,8,2,0.3778702566185759
31,0,1,3,2,27,5,2,0.29146336227934916
32,1,7,3,0,7,5,2,0.6483604244561116
25,0,7,4,2,6,12,2,0.0952756906627491
38,1,1,2,2,48,8,1,0.7631821534698244
29,1,7,4,0,2,4,2,0.1685748023948792
19,1,7,2,2,2,10,3,0.076564665158111
37,0,7,3,3,1,10,3,0.08266915896549125
25,0,7,4,1,23,7,3,0.1039700280549616
32,1,3,1,2,12,7,2,0.8991258406437996
30,1,7,0,1,5,7,2,0.5335184474937743
27,1,7,1,3,237,4,1,0.9780780226498093
31,1,3,3,3,22,5,2,0.5712652677218227
31,1,3,3,2,9,11,1,0.685712110780949
29,1,3,1,3,10,10,3,0.8608637199543453
23,0,7,3,3,231,5,2,0.7066155617826472
35,1,3,1,2,130,4,2,0.9784964079389573
32,1,3,0,1,24,4,2,0.9203607080069963
31,0,7,4,1,2,6,2,0.04980215760699774
30,1,7,0,3,2,8,2,0.725181404131303
22,1,7,3,1,6,4,2,0.0904362776096614
37,0,7,1,3,9,8,2,0.8275085311137813
28,0,7,3,1,9,7,3,0.12261092824308445
31,1,0,4,1,54,4,1,0.5799666986206693
33,1,3,3,3,184,4,3,0.8217634859768272
22,1,7,1,1,8,7,2,0.6948931752090076
25,1,7,4,2,6,7,2,0.0952756906627491
32,0,3,4,3,6,8,1,0.550055566131809
36,1,3,1,0,9,5,1,0.9853551647471023
33,0,3,4,2,205,6,3,0.6986399434487266
36,0,7,4,3,49,6,3,0.3361386014765922
20,0,7,1,2,187,11,3,0.8803435271714264
28,0,7,2,2,80,6,2,0.2854919466483189
35,1,7,4,0,12,6,3,0.3098071510462749
27,0,1,4,3,111,4,3,0.5844974396674293
23,0,7,4,2,5,7,3,0.0666218676473796
20,0,7,4,2,6,6,2,0.0952756906627491
36,0,3,1,0,27,4,2,0.943708776447091
20,1,7,4,1,10,5,2,0.14617156669624295
31,0,7,2,1,29,5,2,0.22381462580496778
23,0,7,4,2,5,4,3,0.13843547829387873
22,0,3,0,3,54,8,2,0.9694675201484428
24,1,7,1,3,3,6,3,0.4988717493115305
23,0,7,0,3,3,4,3,0.7217085007942965
34,1,7,3,1,52,4,2,0.29929306447576115
30,0,7,4,2,17,7,3,0.13851507233090157
19,0,3,4,2,133,11,2,0.7737751171854721
32,1,3,1,2,131,8,2,0.9684116697565233
22,1,7,4,3,10,5,3,0.19640828735719237
22,1,3,1,2,29,10,4,0.8991258406437996
32,0,7,4,1,18,5,2,0.14617156669624295
33,1,7,4,2,235,11,2,0.5477271131353904
33,1,3,1,0,33,10,1,0.9853551647471023
33,1,7,4,2,68,10,1,0.39077668936847837
19,1,7,1,1,190,4,3,0.8873968014292406
30,0,7,4,1,64,5,3,0.1039700280549616
23,1,7,1,1,4,8,2,0.5027492335665626
37,1,7,2,2,200,11,3,0.5802854977637721
36,0,7,3,2,1,5,2,0.08677289082782383
34,0,7,1,0,2,4,1,0.8794244868486671
38,1,7,1,0,56,7,1,0.970803421600923
38,1,7,4,3,7,9,2,0.2650325116032955
35,1,7,0,2,37,6,3,0.8884112533722996
20,1,7,4,2,206,7,3,0.4508020768233382
25,1,7,4,2,3,11,2,0.0952756906627491
30,1,7,4,2,59,7,2,0.3295081344382887
29,0,7,3,2,46,7,3,0.28630547964571895
37,1,3,1,3,11,4,2,0.9012689558391219
21,1,3,1,2,0,7,1,0.8325302417116326
26,1,3,1,1,37,7,1,0.96043656393918
26,0,7,1,0,49,8,2,0.9247957141388364
25,0,7,4,0,35,8,2,0.3984089101362767
37,0,3,0,2,195,9,3,0.9822729378669832
23,0,3,4,2,2,4,2,0.17020729105823318
35,1,1,1,2,18,8,2,0.8196268062005243
26,1,7,1,3,9,8,2,0.763712844466626
38,0,3,1,0,10,7,3,0.9440269620834761
35,1,3,0,2,5,5,3,0.8281297152452991
23,0,7,1,2,51,11,1,0.9464621804519365
30,0,7,4,3,5,3,2,0.2649025725351694
26,1,1,1,2,52,12,2,0.8638026549433292
26,1,7,4,3,8,6,3,0.19640828735719237
36,0,7,2,3,2,8,1,0.33457772862151025
28,1,1,1,1,4,5,1,0.7974184491891465
28,0,3,4,2,8,4,1,0.6443309079785957
38,1,7,4,3,6,5,2,0.13799151878469615
24,1,7,2,3,65,5,1,0.6215447490022898
29,1,1,0,2,5,8,2,0.7837446949522674
32,0,3,4,1,2,9,3,0.09118313753282856
25,1,3,4,3,33,5,2,0.5045714971936305
25,0,7,3,2,5,6,2,0.12109230354434995
25,1,1,4,2,1,7,2,0.09467131979796875
30,0,7,3,1,3,3,2,0.1337210356545382
20,0,7,4,1,171,6,2,0.46637549669581
34,0,1,3,3,3,9,2,0.2172773287730943
19,1,7,1,2,11,7,1,0.8951064650313841
32,0,7,4,3,2,5,3,0.06961888680922525
23,1,3,1,3,2,4,3,0.737641732963824
24,0,7,3,2,3,6,3,0.05596671563142542
30,0,3,4,1,166,9,1,0.8696952329082515
25,0,7,3,1,12,7,2,0.18298990743485014
22,0,7,1,0,84,7,3,0.9138218989743574
27,1,7,4,2,37,7,4,0.3295081344382887
28,0,7,2,3,24,8,2,0.3778702566185759
37,0,7,1,3,9,6,1,0.8973252221907827
32,0,1,0,2,12,11,2,0.8371398449267301
23,0,7,4,2,5,4,2,0.0952756906627491
32,1,3,0,1,3,6,3,0.6015793064488084
24,0,1,1,0,26,5,2,0.8952522920689405
26,1,7,4,2,127,8,3,0.4508020768233382
32,0,3,2,3,10,8,2,0.6317339026650111
22,0,7,4,3,159,8,3,0.5551131985354308
21,1,7,3,1,148,7,2,0.5128060745137323
25,0,7,4,0,55,6,2,0.5784093084369945
28,0,7,3,0,182,8,1,0.9167352551150142
36,1,7,1,2,146,6,2,0.9156461283811059
35,1,7,4,2,28,6,2,0.19173799367157632
20,1,7,2,3,3,6,3,0.11192945168400854
35,1,3,2,2,19,4,2,0.7175440557720446
38,0,3,1,0,7,7,2,0.9990398001838255
32,1,1,4,0,184,4,2,0.8295838791013175
20,1,3,1,0,28,5,2,0.943708776447091
36,1,3,4,2,17,6,3,0.3122936162960593
35,1,7,4,0,17,5,2,0.3984089101362767
31,1,1,4,2,71,6,2,0.25460057342619274
33,1,7,3,2,6,7,2,0.12109230354434995
27,0,3,4,0,32,5,2,0.6516185144181187
31,1,7,1,1,95,4,2,0.7315230766731464
21,1,7,1,3,11,11,2,0.763712844466626
23,1,3,4,0,128,7,2,0.956661630633907
35,1,7,1,3,10,3,3,0.8314100968570922
36,0,3,4,2,59,8,3,0.48473668424663047
30,0,7,4,3,27,8,2,0.2650325116032955
26,1,1,0,3,237,5,2,0.9755442425359894
33,0,7,4,2,132,7,2,0.5477271131353904
25,1,7,4,0,18,9,2,0.3984089101362767
29,1,3,1,2,220,7,2,0.9996460237261202
32,1,7,4,2,193,4,3,0.4508020768233382
22,1,1,4,2,9,6,2,0.25460057342619274
24,0,3,4,0,3,6,3,0.279604661605762
21,1,7,4,0,6,8,3,0.16615587055551284
21,1,7,1,3,4,4,2,0.6804786849840826
25,0,7,3,2,9,4,3,0.30357960092104747
28,0,7,1,1,206,4,1,0.9691729913947208
35,1,7,1,2,32,8,2,0.6801282715042763
38,0,7,4,2,2,6,2,0.06770942671755258
23,1,3,2,3,1,6,2,0.3443428534325977
34,1,3,2,0,192,8,2,0.941463500619538
34,1,7,3,3,1,4,2,0.1262083708756705
32,0,7,1,1,4,11,3,0.31586237100187725
26,1,7,2,3,165,8,1,0.8934387632191068
32,0,1,4,1,230,5,2,0.5572061211309661
37,1,7,1,3,2,7,2,0.5949360481755426
28,1,7,4,3,14,8,2,0.2650325116032955
21,1,7,4,2,16,5,2,0.19173799367157632
32,1,7,4,2,12,10,3,0.13851507233090157
30,1,3,4,3,6,4,2,0.31135061170657247
34,0,7,1,3,10,3,3,0.8798046561624625
30,0,7,2,2,38,8,2,0.45288159490426627
33,0,3,3,2,2,5,1,0.4204997393865286
27,1,3,3,0,2,5,3,0.3367760207750275
23,0,7,1,3,7,7,2,0.763712844466626
35,0,7,1,2,37,10,0,0.9701887577371483
26,0,7,4,2,33,4,2,0.19173799367157632
36,0,3,0,3,2,6,3,0.83474670301695
31,0,7,4,3,5,8,3,0.09788092345453299
37,0,3,4,2,14,8,2,0.401193131209257
31,1,7,2,2,1,6,2,0.10899547604453799
37,1,3,4,2,3,15,2,0.36839416168056105
21,1,3,0,0,220,4,2,0.9981082481540756
19,0,7,4,1,3,6,2,0.04980215760699774
21,1,7,4,2,2,7,2,0.06770942671755258
28,1,7,1,2,212,10,2,0.9156461283811059
27,0,7,1,2,11,5,2,0.6801282715042763
38,0,7,4,2,0,5,2,0.06770942671755258
25,1,7,4,3,2,5,3,0.06961888680922525
37,0,3,4,1,35,9,3,0.24682631673778008
20,0,7,4,3,1,6,2,0.09942441049554852
22,1,7,4,3,2,12,2,0.09942441049554852
30,0,7,4,0,35,8,3,0.5092442579067384
33,0,3,4,3,37,7,2,0.6784444771152031
24,0,3,3,3,12,10,2,0.5712652677218227
19,0,1,2,3,7,4,2,0.9819086421762657
31,0,7,4,2,3,8,2,0.06770942671755258
28,0,1,1,2,2,7,3,0.48531334383254143
23,1,1,3,0,209,7,2,0.8542857004343594
36,0,3,1,3,6,9,1,0.9734299113446038
38,1,1,3,1,55,6,1,0.6244720123114896
30,1,3,1,1,43,7,2,0.8997792987090449
33,1,0,4,2,9,5,1,0.8802172776207622
30,1,7,4,2,66,6,2,0.19173799367157632
29,0,7,4,2,58,9,2,0.3295081344382887
27,0,7,1,0,7,8,2,0.9532003153610481
27,1,7,4,0,62,6,2,0.3984089101362767
29,0,3,1,2,10,4,2,0.8991258406437996
30,1,1,2,3,43,11,3,0.5511599221007184
27,1,1,4,0,153,13,1,0.9885747441666257
26,0,7,4,0,177,11,2,0.77173761566687
33,0,7,3,0,4,7,2,0.26148560225527767
32,0,3,2,0,29,6,3,0.8315451036928013
23,1,7,2,2,205,7,2,0.6710344546893512
20,0,7,0,0,160,7,3,0.9876118903555426
27,1,7,1,0,7,4,2,0.8980685915132466
36,0,3,3,3,57,10,1,0.8729477262321514
26,0,7,4,2,9,4,2,0.34811744650714177
32,1,7,0,2,22,7,3,0.7935189258569222
24,0,7,4,1,8,4,2,0.14617156669624295
35,1,7,4,2,10,7,2,0.19173799367157632
24,0,7,1,0,6,4,2,0.7963842576183967
37,1,7,4,2,6,6,3,0.0666218676473796
25,1,7,1,2,3,5,3,0.39572838841414987
29,1,7,2,2,9,5,2,0.2854919466483189
25,1,3,1,2,70,5,1,0.9601610916539437
35,0,1,0,2,63,5,2,0.8908762305009819
21,1,3,4,3,101,12,3,0.5507149417514489
31,0,7,4,3,5,6,3,0.09788092345453299
37,0,3,4,3,0,7,3,0.17446634856967164
35,0,7,2,2,61,5,2,0.2854919466483189
37,1,3,1,2,65,8,0,0.9850421327137194
33,1,7,4,2,56,6,2,0.3295081344382887
28,0,3,4,2,175,8,1,0.9024245848563444
21,1,7,4,1,18,7,3,0.1039700280549616
36,0,3,4,2,5,8,2,0.22924216265835395
29,1,7,4,3,2,6,3,0.06961888680922525
24,1,7,3,3,65,4,3,0.22741615698116557
21,0,7,4,0,0,10,2,0.1685748023948792
27,1,3,0,0,34,6,3,0.9778293328202858
24,1,7,4,2,12,7,3,0.13851507233090157
19,0,7,4,1,6,3,2,0.2781780184853864
31,1,1,1,2,29,11,3,0.7548963274853566
26,0,7,4,0,79,7,3,0.3098071510462749
22,1,7,4,0,48,8,1,0.7876728643173565
38,0,3,1,2,11,7,3,0.8579817480466164
22,1,1,3,0,8,4,3,0.4581580631511359
24,1,3,1,0,27,8,2,0.9613654099685319
25,0,7,3,2,53,5,2,0.37180672735768916
31,0,0,1,0,5,6,3,0.9534045125849352
23,0,3,0,2,200,7,3,0.9822729378669832
32,1,3,3,3,80,10,2,0.5712652677218227
21,0,7,4,1,60,5,2,0.2618059186482525
33,1,3,1,3,83,8,3,0.8608637199543453
19,1,7,4,3,4,9,2,0.13799151878469615
20,0,7,3,2,5,11,2,0.11255358228323815
30,0,7,4,1,41,11,2,0.2618059186482525
36,0,7,1,1,4,6,3,0.31586237100187725
38,0,7,3,2,7,6,3,0.16222822285069657
24,0,7,4,1,31,6,2,0.14617156669624295
24,1,7,0,3,9,6,1,0.936198904528452
31,1,7,1,3,33,10,1,0.9284273735484669
29,0,7,4,3,9,5,3,0.19640828735719237
37,1,7,3,1,33,7,2,0.17093539450441786
37,0,7,4,0,0,8,2,0.31913290784050563
37,0,7,1,2,182,8,3,0.8803435271714264
28,0,7,3,1,61,7,4,0.17093539450441786
36,1,7,4,2,49,6,2,0.3295081344382887
36,0,7,2,2,34,6,2,0.2854919466483189
19,1,7,4,3,82,11,2,0.2650325116032955
37,1,7,0,2,6,4,1,0.8107937150363941
25,1,3,1,3,63,7,4,0.9012689558391219
27,0,7,0,2,22,5,2,0.7811818727957353
26,0,3,1,1,213,6,3,0.9570032547740555
29,0,7,4,2,32,7,2,0.19173799367157632
23,1,3,0,3,0,7,3,0.7607917902753936
37,1,1,1,3,13,5,2,0.8735373417377222
36,0,7,3,2,2,8,3,0.05596671563142542
29,0,3,4,2,212,7,3,0.6986399434487266
30,1,7,0,0,152,2,2,0.9945329161355717
28,0,3,2,3,212,7,2,0.8975147261686591
29,1,3,4,0,2,7,3,0.279604661605762
34,1,3,1,1,132,5,0,0.9883609255811768
31,0,7,4,3,33,6,2,0.2650325116032955
19,0,7,4,3,142,11,2,0.6480033370804856
33,0,3,2,2,212,5,2,0.8520949844091797
26,0,7,0,3,69,4,2,0.8444015846998059
31,0,7,1,3,85,7,0,0.9769605222411348
27,1,1,0,1,178,4,1,0.9808452168615389
19,1,7,1,2,42,4,2,0.8149811489642007
22,0,1,0,2,118,6,3,0.9076267707703324
36,0,1,4,2,59,6,2,0.41438226313210946
24,1,7,2,2,0,4,2,0.10899547604453799
29,1,7,2,3,2,4,3,0.11192945168400854
32,0,3,4,2,10,10,3,0.3122936162960593
36,1,1,1,3,4,12,3,0.8552801798250331
30,1,3,4,2,3,6,2,0.17020729105823318
27,0,7,4,3,156,5,3,0.5551131985354308
29,0,3,4,1,2,4,0,0.2768229441824935
31,1,7,2,3,57,6,3,0.46029035301680715
21,1,7,1,3,7,7,2,0.763712844466626
23,1,3,1,3,11,12,2,0.9312679796610085
37,1,7,4,0,30,4,1,0.6416674610761121
31,1,7,1,2,8,5,1,0.8951064650313841
28,0,7,3,3,130,8,3,0.6004376551012041
20,0,7,4,1,191,9,3,0.3720053794267503
21,1,7,2,0,1,5,2,0.25456993055029564
19,1,7,4,2,73,8,3,0.13851507233090157
34,1,1,0,2,53,4,2,0.9441738906825754
23,0,3,4,3,97,5,3,0.5507149417514489
20,1,7,3,0,14,6,2,0.4436992121419159
23,1,7,4,1,4,5,1,0.17046426261783748
19,1,7,4,1,128,7,2,0.46637549669581
35,1,7,4,3,11,7,1,0.493683853920291
37,0,7,4,2,100,7,3,0.2220977665632517
19,1,3,3,3,12,7,2,0.5712652677218227
32,1,1,4,2,72,5,2,0.25460057342619274
34,0,7,4,0,6,5,2,0.3984089101362767
22,1,3,3,3,176,14,2,0.9508420786936806
22,1,1,3,2,30,6,2,0.3088512077196996
28,0,7,4,2,2,2,2,0.14051885841510975
27,1,1,3,2,119,4,2,0.42211618977323684
38,1,7,0,3,7,8,2,0.8444015846998059
34,0,3,4,2,1,6,1,0.35676082222336836
27,1,7,1,3,34,7,1,0.8973252221907827
21,0,7,4,2,8,12,1,0.39077668936847837
22,1,7,4,0,72,4,0,0.830306174599962
25,1,0,4,1,34,11,2,0.19774993840002228
20,0,7,3,2,1,7,2,0.08043270865844954
23,0,7,1,1,5,8,4,0.40517924521748505
27,0,1,3,3,7,11,2,0.38473346412481785
23,0,3,4,2,210,6,3,0.6986399434487266
38,1,7,4,3,24,8,2,0.2650325116032955
33,1,7,1,3,5,5,3,0.5907460945806399
36,1,7,4,3,0,4,2,0.19905605519301298
30,0,3,1,2,34,7,3,0.8579817480466164
20,0,3,1,1,214,4,4,0.9704479409996584
20,1,7,4,2,9,4,2,0.19173799367157632
38,0,7,3,1,6,6,3,0.0584127129979245
36,1,7,4,0,2,6,2,0.1685748023948792
34,1,0,3,2,6,5,2,0.7804876254765772
26,0,7,1,2,35,5,2,0.6801282715042763
38,1,3,3,2,8,11,3,0.3535476236897154
29,1,7,3,2,4,4,2,0.11255358228323815
37,1,3,4,0,54,7,1,0.9128718064220441
24,1,7,3,2,15,5,3,0.1737974195454624
24,1,7,4,2,149,7,3,0.4508020768233382
33,0,7,4,2,50,4,3,0.24986498513370112
32,1,3,2,2,168,8,2,0.8520949844091797
29,0,3,0,3,16,11,2,0.9387514185360049
35,0,3,3,3,1,10,2,0.28973994483463694
28,0,7,4,2,1,6,2,0.06770942671755258
33,0,7,4,3,2,4,2,0.19905605519301298
38,1,1,1,1,47,5,2,0.8206925536087116
27,1,0,1,2,169,9,2,0.9920227096668438
35,0,7,1,1,5,13,3,0.6608583997726565
36,0,3,1,2,35,9,3,0.8579817480466164
29,1,1,1,1,56,5,3,0.7562307887452804
24,0,7,3,2,5,8,3,0.08540718252786901
31,1,7,4,0,119,7,3,0.443535433830887
29,0,7,4,3,82,8,1,0.493683853920291
24,1,7,1,0,9,12,3,0.9324549869845199
20,0,7,4,2,10,4,2,0.19173799367157632
23,0,3,2,2,1,5,2,0.2567780042175167
24,1,3,4,1,108,6,3,0.3678583157721163
22,1,7,1,3,27,6,2,0.763712844466626
28,0,3,0,3,18,7,2,0.9387514185360049
31,1,7,4,3,1,7,3,0.06961888680922525
20,1,0,3,3,8,6,2,0.4045088744554291
35,1,7,4,3,51,7,2,0.4276053908218187
37,1,1,4,2,8,5,3,0.18798658651749098
26,0,3,1,0,11,5,0,0.9933223197875884
25,0,7,0,3,207,5,3,0.9675573012556451
25,0,7,0,3,23,9,2,0.8444015846998059
38,0,7,0,3,6,7,2,0.8960394822889021
31,1,3,1,0,153,6,2,0.988450847908052
23,1,3,0,1,19,8,2,0.8791743420430418
32,0,3,3,1,8,9,1,0.6310555131927571
35,1,3,2,0,2,8,2,0.49096960896345043
29,1,7,4,2,1,12,2,0.06770942671755258
30,0,7,4,3,171,11,3,0.5551131985354308
36,0,7,1,2,46,7,3,0.7490938474639302
31,1,7,4,2,64,6,3,0.13851507233090157
30,1,7,4,0,14,6,2,0.3984089101362767
28,0,1,2,2,9,10,2,0.36520383913563653
23,1,7,1,3,6,7,3,0.7647948776221235
31,0,7,2,2,41,11,4,0.45288159490426627
32,0,1,1,2,129,8,1,0.9843078306455538
32,0,0,4,2,24,7,2,0.731015615957452
21,0,7,1,0,141,8,2,0.9782509092523439
26,1,3,0,2,4,7,2,0.8766791669282257
21,1,7,4,3,42,12,2,0.4276053908218187
20,0,3,1,2,34,8,2,0.8572483925689074
34,1,7,4,2,170,10,2,0.5477271131353904
31,0,7,4,2,212,6,3,0.4508020768233382
20,1,3,4,3,1,12,3,0.17446634856967164
24,1,3,0,2,118,15,3,0.9820802739202759
38,1,3,1,2,34,10,1,0.9419872781169868
35,1,7,3,2,3,6,2,0.08677289082782383
27,1,7,0,0,198,5,3,0.9921641266467268
31,1,3,4,3,8,2,2,0.6962953933214587
26,1,3,4,3,36,5,2,0.5045714971936305
23,1,3,2,2,33,6,2,0.5301832089223527
35,1,7,4,3,3,7,2,0.09942441049554852
33,1,3,4,3,28,5,2,0.5045714971936305
32,1,7,1,2,3,3,2,0.6850457465357388
28,0,3,4,2,103,10,2,0.5433159088079472
19,0,3,4,0,87,6,3,0.8388149100664509
22,1,7,2,0,53,9,2,0.6979643237354605
19,0,7,4,2,71,11,3,0.13851507233090157
34,1,7,4,0,10,12,3,0.5092442579067384
24,1,7,4,2,8,6,1,0.39077668936847837
20,0,3,2,2,5,9,3,0.2534792817345729
31,1,7,2,0,10,8,2,0.5272920785144884
24,0,1,1,0,29,7,3,0.8958141388864265
23,0,3,3,2,36,6,3,0.3726910492540855
26,0,3,1,2,3,10,3,0.5547883641076656
24,0,7,4,3,31,7,2,0.2650325116032955
38,0,7,2,1,67,7,2,0.22381462580496778
31,1,7,3,3,154,4,2,0.7066155617826472
31,1,7,0,3,82,10,2,0.8960394822889021
38,0,3,4,3,2,11,2,0.23769177786383444
38,1,7,3,2,0,5,2,0.08043270865844954
37,0,7,4,0,2,5,2,0.1685748023948792
28,0,7,4,2,0,9,3,0.0469161421399008
24,0,7,3,3,1,9,3,0.08916853688468515
37,0,7,3,3,45,4,3,0.378807468709391
30,1,7,1,3,2,11,2,0.5949360481755426
31,0,3,3,0,2,7,2,0.4283043545756642
32,0,7,1,1,224,5,2,0.8867952984163199
33,1,7,4,2,9,6,3,0.13851507233090157
24,1,1,3,1,3,6,2,0.1252323602643849
36,0,3,4,3,8,8,2,0.5045714971936305
36,1,0,4,2,24,9,2,0.25460057342619274
19,1,3,0,3,17,7,0,0.9912464844362437
23,0,7,4,3,8,9,2,0.2650325116032955
27,0,7,3,1,35,5,2,0.17093539450441786
30,1,3,4,3,169,6,2,0.8386928733933798
27,0,7,4,3,4,5,3,0.09788092345453299
32,1,3,1,2,208,9,2,0.9784964079389573
22,1,7,3,2,23,5,3,0.16222822285069657
27,1,7,4,1,0,6,3,0.034305763809608196
22,1,3,4,2,17,4,2,0.9894295403309358
28,1,7,2,3,0,4,2,0.1567963811617384
29,1,7,4,2,32,8,2,0.19173799367157632
37,0,3,4,2,11,10,1,0.6443309079785957
38,0,7,3,0,4,4,3,0.2067888252090384
22,1,0,1,0,152,3,2,0.9996272263866428
20,1,7,2,0,0,8,2,0.25456993055029564
30,1,7,1,2,11,6,2,0.6801282715042763
38,0,3,4,0,187,15,3,0.9484625672577217
29,1,1,4,2,27,7,3,0.18798658651749098
20,0,7,1,2,98,9,2,0.7906017768994027
28,0,7,1,1,100,7,2,0.7315230766731464
33,1,7,1,1,15,11,2,0.6948931752090076
31,0,7,2,3,26,5,2,0.3778702566185759
19,0,7,3,3,197,8,4,0.6891633884028409
19,1,7,4,2,5,5,2,0.0952756906627491
30,0,3,4,2,211,11,2,0.7737751171854721
33,0,7,0,2,73,6,2,0.850075151553441
22,0,7,4,0,3,9,2,0.1685748023948792
23,1,7,4,2,10,6,2,0.19173799367157632
22,1,7,1,3,44,5,3,0.8707375285632801
24,1,7,3,2,70,7,2,0.23684998372404348
25,1,3,4,2,1,7,2,0.17020729105823318
37,0,7,1,2,34,5,2,0.6801282715042763
22,0,3,4,0,86,4,3,0.8388149100664509
24,0,1,4,2,4,5,3,0.09319398502573192
24,0,7,4,2,3,7,2,0.0952756906627491
33,1,3,1,2,186,5,1,0.991938048094746
23,0,7,4,3,50,6,2,0.4276053908218187
27,1,3,4,1,5,8,3,0.12700425838095875
26,0,7,0,3,129,7,2,0.9651623516934476
19,0,3,3,2,52,11,2,0.6256937099155914
22,0,1,1,2,9,10,1,0.9247375724406629
35,1,3,4,2,50,6,2,0.5812360910981134
20,1,0,0,2,64,11,2,0.8908762305009819
32,0,7,3,0,87,7,2,0.5861405022835979
29,0,7,4,2,2,5,3,0.0469161421399008
27,0,7,3,2,3,6,2,0.11255358228323815
21,0,7,4,3,2,6,2,0.09942441049554852
26,1,7,0,1,32,7,3,0.6358628537002284
19,1,7,4,1,63,8,2,0.14617156669624295
26,0,7,1,1,78,4,4,0.605436254141061
25,0,3,1,3,163,5,2,0.9789926591994533
27,0,7,2,1,66,5,3,0.1634888307970239
27,0,7,4,2,3,7,2,0.06770942671755258
23,0,7,0,1,15,5,2,0.720385435581409
35,0,1,4,0,16,7,2,0.6879248077893263
24,1,7,4,2,153,12,1,0.7660606225444355
23,0,1,4,2,21,6,1,0.48013135612314384
32,1,7,1,3,228,4,4,0.9428588435009359
21,0,7,1,0,196,7,2,0.9680547960833408
38,0,7,4,2,3,7,2,0.06770942671755258
25,0,7,2,2,9,7,3,0.21310624157706284
19,1,7,4,2,6,4,3,0.0666218676473796
31,1,3,3,3,35,9,2,0.5508791173092622
23,0,7,1,3,63,11,3,0.7647948776221235
24,0,7,4,0,5,4,2,0.22719849020662616
37,1,3,4,2,20,7,2,0.401193131209257
26,1,7,4,3,0,8,2,0.09942441049554852
33,0,7,2,0,94,7,1,0.9252685005397943
20,0,7,2,1,161,8,3,0.49943817877173446
38,0,0,2,2,34,4,3,0.2805428995680137
23,1,7,0,1,8,11,3,0.6358628537002284
26,1,1,1,3,42,8,2,0.9060236385365147
38,1,7,2,2,4,6,2,0.1506541603958824
20,1,7,2,3,70,4,2,0.3778702566185759
30,0,3,3,1,6,11,3,0.15989879550393193
23,0,1,1,2,51,5,3,0.8112752006679335
27,0,7,4,2,60,7,3,0.13851507233090157
27,1,7,4,2,2,7,3,0.0469161421399008
19,0,7,4,2,84,8,2,0.19173799367157632
34,1,0,3,3,38,7,2,0.9115611173078306
19,0,3,1,2,41,7,3,0.8939790435817863
35,0,1,4,3,12,7,2,0.3417643366081469
31,0,7,1,3,88,14,2,0.9603540672786183
23,1,3,3,2,9,5,3,0.3726910492540855
28,0,7,4,1,9,6,2,0.14617156669624295
37,1,3,3,2,21,11,2,0.4671057291157117
19,1,7,4,2,36,5,2,0.19173799367157632
27,0,7,4,0,5,5,2,0.22719849020662616
38,1,7,2,2,5,4,2,0.1506541603958824
34,0,0,1,2,6,6,2,0.8196268062005243
27,1,7,3,1,17,4,3,0.12261092824308445
38,0,7,4,1,28,5,2,0.14617156669624295
25,0,7,4,0,1,5,1,0.3541026108170725
32,1,3,3,2,6,7,2,0.2801199837763499
38,1,7,4,3,33,7,2,0.2650325116032955
33,1,1,1,2,36,12,3,0.7548963274853566
36,0,7,1,2,133,7,3,0.9161088369866378
23,1,7,1,3,152,5,2,0.9428588435009359
32,1,3,1,1,2,9,2,0.5702242504184469
30,1,7,4,0,82,10,2,0.604894970501759
22,1,7,4,2,45,7,2,0.3295081344382887
25,1,0,1,2,8,12,2,0.960566188849611
26,1,7,3,2,2,8,1,0.20440572047666947
28,1,3,4,2,0,5,3,0.12205835951652672
38,1,7,1,3,3,7,2,0.6804786849840826
30,1,7,4,2,5,8,2,0.0952756906627491
21,1,3,4,1,8,5,2,0.32592173020100806
36,1,7,4,3,5,5,2,0.13799151878469615
27,0,0,4,2,129,7,0,0.8184824053656
21,1,7,4,0,1,6,4,0.1685748023948792
35,0,7,3,3,0,4,3,0.08916853688468515
21,1,3,2,1,8,8,3,0.3556637538196237
22,0,7,3,3,64,11,2,0.320550086751266
26,0,7,3,3,2,5,2,0.11735706466584259
23,1,3,1,2,6,8,3,0.8027703092123406
25,0,7,4,2,2,5,0,0.15811198635643248
23,0,7,1,3,224,7,1,0.985124132423943
32,0,3,4,3,53,9,3,0.5884860853416161
32,1,7,0,0,3,10,3,0.7666092853645073
35,1,7,4,1,2,12,1,0.12412828196020843
31,1,7,3,2,31,4,2,0.23684998372404348
32,0,7,1,0,19,9,2,0.8980685915132466
30,0,7,4,2,0,7,2,0.06770942671755258
23,1,7,2,3,80,5,1,0.6215447490022898
27,0,7,3,1,76,6,2,0.17093539450441786
30,1,7,4,3,4,8,2,0.13799151878469615
29,1,7,1,0,37,7,2,0.9768490094979281
37,0,0,3,1,20,6,2,0.24384966954002202
21,1,7,4,1,37,11,2,0.2618059186482525
20,0,7,4,2,7,11,2,0.19173799367157632
22,1,7,4,3,1,6,3,0.06961888680922525
24,1,7,3,1,4,10,3,0.06313632291916162
21,1,7,1,3,2,5,2,0.9891484711649433
32,0,7,0,2,13,7,2,0.7811818727957353
21,1,7,4,0,73,7,2,0.3984089101362767
25,1,7,3,2,1,5,2,0.08043270865844954
26,0,7,4,2,4,7,0,0.4375877739029523
25,1,3,1,2,9,7,2,0.8991258406437996
36,0,7,0,2,206,7,2,0.9666067678836112
21,0,7,4,2,2,4,2,0.06770942671755258
25,1,7,1,1,6,2,3,0.7007094634326019
28,0,7,1,0,3,7,2,0.7295387493024799
23,1,1,0,2,27,8,2,0.8371398449267301
25,1,3,3,1,7,5,2,0.3680126304970084
37,1,3,4,0,6,6,3,0.5654086013116092
27,1,7,4,2,38,10,2,0.3295081344382887
19,0,7,1,1,68,5,3,0.6068699872744354
32,1,7,4,1,80,4,2,0.14617156669624295
37,1,7,4,3,3,6,2,0.09942441049554852
34,1,3,4,3,93,10,2,0.6439343683615386
22,0,7,4,2,0,10,3,0.0469161421399008
32,0,7,4,2,8,4,2,0.19173799367157632
28,1,3,2,2,156,7,2,0.8520949844091797
31,0,7,4,3,5,6,2,0.13799151878469615
38,0,3,1,3,6,6,3,0.9018020702740305
25,1,7,4,2,2,9,2,0.06770942671755258
32,1,7,3,2,0,6,3,0.05596671563142542
28,0,7,3,2,27,9,2,0.2222124296375601
38,0,3,4,3,2,9,2,0.23769177786383444
24,1,0,4,2,2,5,2,0.09467131979796875
37,0,7,3,2,154,6,2,0.6130664235278493
28,0,7,1,1,4,7,3,0.4066274778207646
24,0,7,4,3,18,7,3,0.19640828735719237
26,1,3,1,2,97,9,2,0.9142616705473912
21,0,7,2,0,0,5,3,0.18796193938017733
34,0,3,4,3,0,5,3,0.17446634856967164
19,1,7,2,2,129,7,2,0.6710344546893512
27,1,7,4,2,27,7,3,0.13851507233090157
33,0,3,4,3,83,7,3,0.4083874786832369
36,1,7,4,2,34,5,3,0.13851507233090157
23,0,3,4,2,57,11,3,0.48473668424663047
24,0,7,1,3,24,9,3,0.686589351812313
32,1,3,3,2,196,11,0,0.9681881121664242
24,0,3,1,2,53,11,1,0.9803648401721085
30,1,7,0,2,9,11,3,0.7075770078457801
26,0,7,4,2,132,7,2,0.5477271131353904
24,0,3,0,2,48,5,3,0.957420705381236
31,1,7,4,2,11,6,2,0.19173799367157632
38,0,3,3,2,45,8,2,0.6448731341144777
28,0,7,4,2,37,6,2,0.968253731430899
31,0,7,4,3,233,4,3,0.5551131985354308
27,1,7,2,0,51,8,2,0.6979643237354605
22,0,7,0,1,7,5,3,0.7349873740536589
31,1,1,4,1,201,4,2,0.5572061211309661
28,1,7,4,2,83,4,2,0.19173799367157632
33,1,7,4,2,1,7,2,0.06770942671755258
27,1,7,3,1,2,9,2,0.059374787603645514
38,1,3,4,2,28,6,3,0.3122936162960593
22,1,7,3,2,3,7,2,0.11255358228323815
19,0,7,4,2,209,12,2,0.5477271131353904
23,1,7,4,2,6,6,2,0.19173799367157632
28,0,3,1,0,29,6,2,0.9613654099685319
25,0,3,0,0,139,11,3,0.9898372419282613
31,0,7,4,2,1,5,2,0.06770942671755258
34,0,1,4,0,27,11,1,0.7205398324577535
33,0,7,4,2,6,4,2,0.0952756906627491
33,0,0,0,0,122,10,2,0.9941299618992069
27,1,3,3,2,8,5,2,0.4465649943580163
25,1,1,4,2,196,7,3,0.5416784790802114
34,0,7,4,3,211,7,2,0.6480033370804856
37,0,3,4,0,1,8,3,0.279604661605762
31,1,3,0,3,10,4,1,0.9850346808115543
23,0,7,1,2,3,6,3,0.39015523490096693
36,1,7,4,0,149,6,2,0.8865676817234908
34,1,3,4,3,4,8,2,0.31135061170657247
22,1,7,4,2,6,3,2,0.34811744650714177
24,1,7,3,3,11,7,3,0.22741615698116557
26,0,3,1,2,4,11,2,0.7982592700637847
30,1,7,4,1,35,7,3,0.1039700280549616
25,1,3,2,3,39,11,1,0.9057417826606199
35,1,7,2,3,72,5,3,0.2916219333340934
20,0,7,3,2,25,7,2,0.23684998372404348
21,1,7,4,3,2,5,2,0.09942441049554852
20,0,7,3,0,84,11,2,0.4436992121419159
35,1,7,1,3,219,7,3,0.9431815441239387
21,1,7,2,1,1,10,2,0.08111926111917885
29,0,3,4,2,196,11,2,0.7737751171854721
32,1,7,4,0,1,5,2,0.1685748023948792
19,1,7,4,2,3,5,2,0.0952756906627491
31,0,1,1,0,78,11,1,0.9716725159132327
30,0,3,4,0,11,4,2,0.6516185144181187
34,1,7,1,2,79,6,3,0.5903565139703284
29,0,3,1,0,58,8,2,0.9809705097522461
31,1,7,4,2,145,9,2,0.5477271131353904
29,1,7,1,2,1,8,3,0.30614093416389604
34,0,7,1,2,58,11,3,0.7490938474639302
32,0,3,4,3,18,4,2,0.5045714971936305
36,1,7,3,2,11,5,3,0.16222822285069657
26,1,1,2,3,72,5,2,0.46653371241328345
33,1,3,4,1,0,9,3,0.09118313753282856
26,1,0,0,3,8,7,2,0.8865406075054594
19,1,7,4,2,2,6,2,0.06770942671755258
24,1,7,3,3,13,6,3,0.22741615698116557
31,1,7,1,0,36,8,1,0.970803421600923
30,0,3,4,2,11,6,3,0.3122936162960593
21,1,7,3,0,18,7,2,0.4642186972337638
24,1,7,2,3,66,7,3,0.2916219333340934
36,1,3,1,2,195,8,1,0.991938048094746
21,1,0,4,3,11,6,2,0.3417643366081469
24,0,7,1,0,11,6,2,0.8558226120892807
21,1,7,4,2,6,11,3,0.0666218676473796
24,0,7,1,0,83,4,2,0.8558226120892807
37,1,7,1,3,198,10,2,0.9607709898690453
19,1,7,3,1,6,5,3,0.0584127129979245
35,0,7,1,2,56,8,3,0.7490938474639302
19,1,1,1,0,11,7,2,0.9670251954715976
35,1,0,4,2,19,7,1,0.8802172776207622
36,0,7,3,0,4,5,0,0.6791387336648855
19,1,7,1,0,156,6,1,0.987942938879491
24,0,3,3,2,13,5,2,0.4671057291157117
31,1,7,2,2,60,4,3,0.35940293886631
32,1,1,4,1,10,5,2,0.19774993840002228
37,1,1,0,0,190,11,2,0.9962959972560814
28,0,7,1,2,8,11,3,0.6814334044724342
29,1,1,4,2,16,5,3,0.18798658651749098
25,1,7,3,2,1,6,3,0.05596671563142542
37,0,7,0,2,34,6,2,0.7811818727957353
27,1,7,3,0,4,9,3,0.19353793162080746
34,0,3,3,3,10,10,2,0.5712652677218227
19,1,7,3,1,8,10,3,0.13179932095366353
35,0,1,3,3,184,7,2,0.7761787503465097
29,1,7,0,3,25,4,2,0.8960394822889021
38,1,3,4,2,20,4,1,0.6443309079785957
37,1,7,3,2,6,8,3,0.07915813821055251
30,1,0,4,0,5,12,2,0.2974091269274671
38,1,7,3,2,6,5,3,0.16222822285069657
23,0,3,1,2,6,11,2,0.7982592700637847
36,1,7,4,3,5,6,2,0.13799151878469615
30,1,7,1,0,171,10,2,0.9782509092523439
21,0,7,1,2,94,10,3,0.7915942782863314
30,1,3,4,2,1,7,2,0.17020729105823318
29,0,7,3,1,213,5,1,0.7399951477807667
22,0,7,4,1,143,7,3,0.3720053794267503
27,0,7,3,0,11,6,1,0.7008476474641772
38,0,7,4,3,3,7,3,0.06961888680922525
29,1,7,4,1,2,8,2,0.04980215760699774
21,1,7,4,3,47,6,3,0.3361386014765922
21,1,7,4,3,3,7,3,0.06961888680922525
23,0,7,4,1,6,8,2,0.07063023635685803
34,0,0,1,2,10,12,2,0.9964665844595288
28,1,7,4,0,6,10,2,0.4046333923668086
38,1,7,4,2,21,8,2,0.19173799367157632
32,1,7,2,2,5,8,3,0.10732111221959086
25,1,3,0,1,28,6,3,0.88678723013656
38,1,7,4,3,2,4,2,0.09942441049554852
37,0,3,4,2,0,9,3,0.12205835951652672
25,0,3,4,0,1,6,3,0.4729212273609146
36,0,7,4,2,79,4,2,0.19173799367157632
19,1,7,1,2,18,4,2,0.7593810169389497
28,0,7,1,2,25,6,2,0.7593810169389497
32,0,7,4,0,29,8,3,0.3098071510462749
31,0,7,3,2,4,6,2,0.12109230354434995
32,0,7,3,2,2,6,2,0.08043270865844954
26,1,7,4,3,40,12,2,0.4276053908218187
31,1,7,1,2,9,10,2,0.6801282715042763
22,0,7,3,3,1,12,3,0.08916853688468515
24,1,3,4,3,15,7,2,0.5045714971936305
21,0,7,1,2,48,6,2,0.8673392262823717
38,1,7,0,2,209,7,3,0.9515018761663215
35,0,3,1,3,17,8,2,0.9012689558391219
38,1,7,4,2,42,9,2,0.3295081344382887
38,1,3,1,3,104,7,2,0.9600948668884944
20,0,3,1,1,222,9,1,0.9835587600066716
19,0,7,4,1,30,6,0,0.5584684316546183
36,1,7,2,3,14,6,1,0.6215447490022898
28,0,7,1,2,11,7,2,0.7593810169389497
25,1,3,1,1,51,4,3,0.85885989719485
37,0,7,3,3,179,6,2,0.7066155617826472
26,1,7,4,1,14,7,3,0.1039700280549616
29,1,7,1,2,1,7,3,0.39572838841414987
34,1,3,3,2,172,8,2,0.804661626339793
24,0,7,0,2,57,7,2,0.9215457317556898
33,1,0,4,1,4,6,3,0.06904592060832918
22,0,7,3,2,1,5,2,0.08043270865844954
38,1,7,4,2,32,7,4,0.19173799367157632
28,1,3,1,3,30,6,3,0.8608637199543453
26,1,7,4,3,70,7,3,0.19640828735719237
19,1,3,4,2,3,2,2,0.315889513972886
21,0,3,1,3,8,18,2,0.9012689558391219
23,1,7,4,1,4,11,2,0.07063023635685803
30,0,7,4,3,80,6,3,0.19640828735719237
30,1,7,4,2,23,7,3,0.13851507233090157
37,0,3,0,2,79,6,2,0.9097697934700519
30,1,7,1,3,4,7,4,0.6804786849840826
23,1,0,3,1,2,5,2,0.08985955599639095
24,1,3,2,0,32,4,2,0.7590607867103114
35,0,3,1,2,8,6,3,0.8027703092123406
24,1,1,1,2,17,10,2,0.7537834173549436
34,0,7,4,2,24,7,1,0.39077668936847837
37,0,3,4,0,9,9,3,0.5590331867041001
25,1,7,4,2,1,9,2,0.06770942671755258
36,0,1,1,2,49,11,3,0.8645076612012174
21,1,1,1,0,25,9,0,0.9567119844773427
26,1,7,1,0,168,5,2,0.9680547960833408
31,1,7,1,2,7,7,3,0.6814334044724342
20,0,7,3,3,222,11,2,0.6891633884028409
24,1,3,3,0,16,10,2,0.8497819976442471
19,0,7,1,2,59,8,2,0.8673392262823717
38,1,3,0,2,144,12,2,0.9809429137195483
26,0,7,4,2,62,10,2,0.19173799367157632
26,0,7,1,0,38,9,3,0.892874278522738
19,0,3,1,2,70,12,2,0.8991258406437996
24,1,7,4,1,7,6,2,0.14617156669624295
34,0,7,1,1,31,7,2,0.605436254141061
26,0,3,2,3,1,4,3,0.26251797684074807
22,1,7,4,2,60,4,3,0.13851507233090157
32,1,7,4,2,181,12,2,0.5477271131353904
37,1,7,1,2,65,11,2,0.6801282715042763
27,1,1,3,3,57,8,3,0.4881799874140624
27,0,3,4,2,3,7,2,0.22924216265835395
34,1,7,4,3,103,5,2,0.3903649274722598
23,1,7,4,3,53,8,2,0.4276053908218187
36,1,3,4,3,222,7,2,0.8386928733933798
24,0,7,4,3,30,5,2,0.2650325116032955
23,1,3,0,3,2,7,2,0.8816940310898156
29,1,7,1,1,7,5,1,0.8057889489295113
22,1,7,3,2,5,5,2,0.11255358228323815
21,1,7,4,2,6,9,2,0.0952756906627491
19,1,7,1,3,59,6,2,0.8700600658627557
21,1,7,0,2,60,9,2,0.8808929034375721
24,0,3,1,2,13,7,2,0.8991258406437996
31,1,7,4,1,1,6,3,0.034305763809608196
24,0,7,4,1,15,7,1,0.3164268895622758
35,1,7,1,0,10,7,1,0.9597148834409513
36,1,3,3,2,67,10,2,0.4465649943580163
26,0,7,3,2,14,9,3,0.1737974195454624
37,0,7,4,2,2,6,2,0.06770942671755258
34,0,7,4,2,33,9,2,0.19173799367157632
24,0,7,4,3,41,6,2,0.4276053908218187
33,0,7,4,0,31,5,2,0.3984089101362767
35,1,7,4,2,88,4,2,0.2963872599615633
36,1,3,4,2,57,6,2,0.5812360910981134
31,1,7,3,2,0,6,2,0.08677289082782383
19,0,3,0,1,135,10,2,0.9737856048489756
31,0,7,3,3,41,6,2,0.4736018134052763
35,0,3,1,2,8,7,2,0.8991258406437996
23,0,7,2,2,3,4,3,0.076564665158111
33,0,3,0,0,113,7,2,0.9945804368216802
27,0,7,4,1,30,6,3,0.1039700280549616
30,1,3,4,2,2,11,3,0.12205835951652672
21,0,3,1,2,24,8,2,0.8572483925689074
24,1,7,4,1,2,3,1,0.2418667641993756
34,0,7,1,0,133,8,1,0.987942938879491
21,1,7,1,0,5,11,2,0.7963842576183967
21,1,1,3,2,11,12,1,0.5265800127543805
23,0,3,1,2,31,10,2,0.8572483925689074
30,0,3,3,2,17,14,0,0.9484940018570879
19,0,3,4,3,2,7,2,0.23769177786383444
32,1,7,1,2,179,11,3,0.9161088369866378
27,0,3,0,3,5,7,3,0.8217997645465506
38,1,7,2,2,1,7,3,0.076564665158111
25,1,3,4,2,91,12,2,0.5433159088079472
32,0,3,4,2,6,7,3,0.3122936162960593
21,0,3,1,2,2,7,1,0.8325302417116326
34,1,7,3,0,211,4,2,0.9039658691501351
30,0,3,4,3,7,7,2,0.5045714971936305
31,0,7,1,3,1,7,2,0.49737036287702346
21,1,7,4,2,44,7,2,0.3295081344382887
26,1,7,4,0,161,11,2,0.77173761566687
36,1,7,2,3,3,7,3,0.15451505168633256
36,1,7,4,3,2,5,1,0.2298906762907927
22,0,3,4,1,107,4,1,0.6989313260555179
27,0,0,1,3,49,5,2,0.9346826720162051
34,0,7,1,3,1,9,3,0.4988717493115305
21,0,3,1,2,79,8,2,0.8572483925689074
33,1,3,4,2,1,7,2,0.17020729105823318
33,1,3,0,3,40,4,2,0.9805559665529248
30,1,3,4,1,7,4,2,0.32592173020100806
35,0,3,1,1,7,5,2,0.812513978091017
25,0,0,4,1,178,6,2,0.5572061211309661
22,1,3,1,1,38,4,3,0.9003195671632928
31,0,7,4,3,24,6,3,0.19640828735719237
33,1,7,4,0,6,6,3,0.16615587055551284
26,1,3,0,2,14,5,2,0.9097697934700519
34,1,7,2,0,4,9,3,0.25128998341775116
21,0,7,4,3,46,6,2,0.4276053908218187
24,0,3,1,3,123,7,2,0.9789926591994533
20,0,7,4,2,4,9,3,0.0666218676473796
31,0,7,0,3,4,6,0,0.8616814528933112
33,0,3,4,3,99,8,2,0.6439343683615386
31,1,7,1,2,113,11,2,0.8485770776686115
22,0,7,4,2,41,7,3,0.24986498513370112
29,0,7,1,2,237,12,1,0.9775606603875555
19,1,3,4,3,182,4,3,0.7789593847065341
19,1,3,1,3,148,6,2,0.985749072063653
29,0,7,0,2,176,9,2,0.9666067678836112
23,0,3,4,3,7,9,2,0.5045714971936305
36,1,7,4,2,232,5,3,0.4508020768233382
34,1,7,0,0,11,5,2,0.9088127883060475
19,1,1,1,0,15,6,3,0.8958141388864265
23,1,7,4,2,21,8,3,0.13851507233090157
21,0,7,1,0,141,6,3,0.9535734370664966
26,0,1,1,1,9,9,2,0.766316625798995
20,1,0,1,0,75,5,3,0.9855934687355116
34,0,7,4,3,215,6,2,0.6480033370804856
21,1,3,1,1,0,11,2,0.6632237716334634
22,0,7,1,2,13,5,3,0.6814334044724342
23,0,7,3,0,11,10,2,0.4436992121419159
30,0,3,4,1,5,5,2,0.17671151935013055
28,1,7,4,0,189,7,2,0.77173761566687
35,0,3,3,3,39,6,2,0.7175962371084119
22,0,7,1,2,24,10,2,0.7593810169389497
38,0,7,4,1,11,4,2,0.14617156669624295
37,0,7,1,2,30,4,2,0.7593810169389497
23,0,3,4,3,179,7,3,0.7789593847065341
25,0,1,0,3,11,5,2,0.8865406075054594
26,1,7,4,2,215,6,1,0.7660606225444355
34,0,7,4,2,54,4,2,0.3295081344382887
21,1,7,3,3,159,6,2,0.6891633884028409
34,0,3,1,2,39,8,2,0.9255987115866665
35,1,7,4,3,53,5,3,0.3361386014765922
37,0,7,4,3,5,6,2,0.13799151878469615
23,0,3,1,3,128,6,3,0.969312457944115
38,1,3,2,2,1,7,3,0.18973932874463328
29,1,7,4,1,13,6,2,0.14617156669624295
35,0,7,3,2,2,9,2,0.08043270865844954
31,1,7,3,2,51,6,2,0.39134031552552034
19,1,3,1,2,113,7,2,0.9405732153277967
32,1,1,4,1,99,5,1,0.5420221404422292
25,1,7,4,2,46,11,2,0.3295081344382887
23,0,1,0,2,70,4,2,0.8371398449267301
36,1,3,0,2,39,7,1,0.9826025502984026
19,0,7,4,2,4,4,4,0.0952756906627491
20,1,3,0,2,55,8,2,0.9707388497978132
38,1,3,4,2,48,7,3,0.48473668424663047
23,1,7,4,3,5,5,2,0.13799151878469615
32,1,0,4,3,51,8,2,0.895379684190664
35,0,7,1,2,14,7,2,0.7593810169389497
35,0,7,4,3,35,6,2,0.2650325116032955
38,0,3,1,2,16,8,3,0.8579817480466164
33,0,7,1,2,7,7,2,0.7593810169389497
20,0,7,1,3,112,8,4,0.8949439313393902
35,0,7,4,2,37,7,2,0.3295081344382887
36,0,0,1,2,107,12,2,0.8446299292892298
31,1,3,4,2,126,6,2,0.7737751171854721
30,0,1,4,2,213,6,2,0.6355319873203712
36,1,7,2,3,218,4,4,0.7561432999559756
22,0,1,4,2,37,7,2,0.41438226313210946
33,1,7,4,3,2,6,3,0.06961888680922525
31,0,7,3,1,2,8,2,0.059374787603645514
30,0,3,2,3,192,6,2,0.8975147261686591
22,0,7,4,1,1,2,3,0.07404847555401207
31,0,3,4,2,47,6,3,0.48473668424663047
29,1,3,1,2,212,9,2,0.9784964079389573
30,1,7,4,2,5,4,2,0.0952756906627491
38,0,7,4,2,6,7,2,0.19173799367157632
31,0,3,1,2,209,5,2,0.9684116697565233
36,0,7,4,2,4,5,2,0.0952756906627491
19,1,7,4,3,76,7,2,0.2650325116032955
27,1,3,4,2,95,6,2,0.5433159088079472
29,0,3,4,3,42,6,2,0.6784444771152031
21,0,7,0,3,1,6,2,0.725181404131303
29,0,7,2,2,82,9,3,0.21310624157706284
38,1,7,1,1,4,4,1,0.7321787460812155
34,1,7,4,2,2,10,2,0.06770942671755258
36,0,3,1,3,17,6,3,0.8608637199543453
27,1,7,4,2,72,5,2,0.19173799367157632
36,0,3,1,2,150,4,0,0.9970343675494922
22,0,7,1,2,12,8,2,0.6801282715042763
32,1,7,4,2,24,8,2,0.19173799367157632
20,0,7,4,0,4,9,3,0.16615587055551284
24,1,7,1,1,19,6,1,0.860302415900484
22,0,3,0,2,71,11,2,0.9097697934700519
24,1,7,4,2,5,8,2,0.0952756906627491
28,1,7,4,2,1,8,2,0.06770942671755258
29,1,7,4,1,2,11,2,0.04980215760699774
21,0,7,3,2,20,6,2,0.23684998372404348
22,1,7,2,3,6,4,1,0.4216535563797643
23,1,7,2,2,25,8,2,0.2854919466483189
27,0,7,1,0,23,8,2,0.8980685915132466
33,1,1,2,2,8,6,3,0.2805428995680137
27,0,3,4,2,15,6,2,0.401193131209257
36,1,7,4,3,1,5,3,0.06961888680922525
27,0,7,2,0,58,9,2,0.6979643237354605
31,1,7,4,1,1,8,2,0.04980215760699774
29,1,7,3,0,4,9,2,0.27778621029337996
32,0,0,4,0,2,3,2,0.3965651750425406
19,1,7,4,2,6,12,2,0.0952756906627491
20,1,7,4,1,6,6,2,0.14617156669624295
33,0,0,4,2,3,6,2,0.1316642413333047
32,0,3,1,2,3,8,1,0.9145232060121089
19,0,1,1,3,98,9,2,0.9246170857743808
31,0,7,4,0,3,10,2,0.1685748023948792
19,1,1,3,2,79,5,3,0.23246980684572602
36,0,7,1,0,179,9,3,0.9682399974417046
35,1,7,3,3,23,5,3,0.22741615698116557
32,0,7,4,2,90,10,2,0.2963872599615633
27,0,3,4,0,150,7,2,0.90520193894796
35,0,3,1,2,238,11,3,0.9685948692707739
32,1,1,0,2,21,6,2,0.8371398449267301
26,0,3,1,2,107,7,3,0.9147312661538861
28,1,7,0,0,24,9,2,0.940579001845366
19,1,3,1,0,29,7,2,0.943708776447091
37,1,1,4,0,114,5,2,0.6286963817308128
25,0,7,1,2,24,8,3,0.5903565139703284
36,0,7,4,2,0,8,3,0.0469161421399008
34,0,3,0,1,5,11,2,0.7636030012967202
37,1,7,4,1,29,7,2,0.14617156669624295
28,1,1,1,0,26,6,2,0.8952522920689405
33,0,7,1,2,147,12,3,0.8803435271714264
32,0,3,2,3,153,3,2,0.9517240837611805
26,1,3,2,2,12,7,2,0.5301832089223527
22,0,7,3,2,44,8,2,0.39134031552552034
28,0,7,2,2,15,11,3,0.21310624157706284
36,0,7,4,2,129,5,2,0.5477271131353904
30,1,3,4,2,56,6,3,0.48473668424663047
36,1,7,4,3,43,6,1,0.6688702913308949
37,1,3,2,0,1,7,2,0.6903758020491555
20,0,3,4,2,10,12,2,0.401193131209257
28,1,7,4,3,35,6,3,0.19640828735719237
24,0,7,3,3,32,9,3,0.24228971076103156
25,1,7,1,1,3,5,2,0.4108224364416618
27,1,1,2,2,25,6,2,0.36520383913563653
19,0,7,0,3,3,11,1,0.8770750373036289
24,0,7,2,2,1,4,2,0.10899547604453799
27,0,7,4,2,0,7,3,0.0469161421399008
22,0,7,2,0,7,5,2,0.7205676767508963
24,1,3,3,3,7,6,2,0.5712652677218227
20,1,3,1,2,18,4,2,0.8991258406437996
35,1,3,3,0,3,8,2,0.6980440724419763
28,1,1,3,2,11,11,3,0.21802561537235302
27,1,1,4,0,87,9,2,0.6286963817308128
36,1,1,3,0,2,10,3,0.20563786386851055
30,1,7,2,3,12,10,0,0.6109905645128729
20,1,7,1,2,2,7,3,0.30614093416389604
32,0,7,4,2,6,8,2,0.0952756906627491
34,1,3,3,3,3,5,2,0.3525439078500718
34,1,7,4,2,3,8,2,0.0952756906627491
20,1,7,2,2,24,7,2,0.2854919466483189
25,1,3,2,0,88,4,3,0.7913051374014868
20,0,0,1,1,14,7,0,0.8945141607768553
24,0,1,4,3,182,6,2,0.7260764618409107
28,0,3,3,2,9,6,0,0.8662418006269915
22,0,3,1,0,71,11,3,0.9191130787936367
28,0,7,4,0,220,6,2,0.8865676817234908
20,1,7,0,1,89,5,2,0.8206223321280555
28,1,7,4,3,1,6,3,0.06961888680922525
31,0,7,1,2,7,8,2,0.6801282715042763
38,0,7,4,2,2,4,3,0.0469161421399008
19,1,3,2,3,226,7,2,0.8975147261686591
23,0,0,1,0,2,6,3,0.6394473384330076
25,0,7,4,3,2,6,2,0.09942441049554852
20,0,7,1,3,120,12,2,0.9607709898690453
24,1,7,1,3,137,11,2,0.9607709898690453
19,1,7,3,3,6,7,3,0.11557091292248328
20,0,3,3,2,3,8,2,0.2115796129386567
19,1,7,4,1,28,8,3,0.1039700280549616
31,0,0,2,2,4,6,3,0.1475598216095132
30,1,3,4,2,52,4,3,0.48473668424663047
24,0,7,4,2,59,7,3,0.24986498513370112
32,1,3,1,0,11,8,2,0.943708776447091
33,1,3,4,3,74,7,2,0.5045714971936305
24,0,7,4,2,0,5,3,0.0469161421399008
38,1,3,4,0,4,7,2,0.6574755081909471
22,0,0,3,3,70,9,3,0.29766814957326887
30,1,7,0,0,10,4,2,0.940579001845366
32,1,7,3,2,4,8,2,0.12109230354434995
34,0,3,1,2,77,8,2,0.8572483925689074
31,1,3,4,1,12,6,2,0.32592173020100806
38,1,7,4,3,22,7,3,0.19640828735719237
24,1,7,1,2,4,5,2,0.48556956474893215
35,0,3,4,1,11,11,3,0.24682631673778008
27,0,1,1,3,34,5,2,0.8735373417377222
26,0,7,4,2,10,4,1,0.39077668936847837
37,0,7,4,1,2,12,3,0.034305763809608196
36,0,3,3,3,2,11,3,0.20288472751185507
27,1,3,4,2,1,11,3,0.12205835951652672
34,0,7,2,2,9,9,3,0.21310624157706284
35,0,7,4,2,142,5,2,0.5477271131353904
24,0,3,4,1,2,4,4,0.12894135123287565
24,0,7,4,2,128,7,2,0.5477271131353904
27,1,7,4,2,7,5,4,0.19173799367157632
32,1,3,1,2,1,4,2,0.7318220303041513
23,0,7,1,0,2,5,2,0.7295387493024799
27,1,1,4,2,50,7,2,0.41438226313210946
26,0,3,2,1,25,6,3,0.3556637538196237
32,1,3,2,0,116,8,2,0.8483518490794398
35,0,0,3,2,1,6,3,0.40447189484546897
28,0,7,4,2,4,7,2,0.0952756906627491
36,1,3,1,3,183,7,2,0.985749072063653
33,1,7,0,3,12,9,2,0.8960394822889021
37,0,7,4,3,5,5,2,0.13799151878469615
21,1,7,4,2,3,5,2,0.06770942671755258
33,0,7,4,1,2,11,3,0.034305763809608196
27,0,7,4,3,84,5,1,0.493683853920291
24,0,3,2,0,8,10,2,0.7590607867103114
24,1,7,2,2,76,10,2,0.2854919466483189
34,1,7,1,3,61,5,2,0.763712844466626
35,0,7,1,3,3,3,3,0.686445768018827
35,0,7,1,2,7,6,3,0.6814334044724342
23,1,7,3,2,42,8,2,0.37180672735768916
38,0,7,3,3,39,7,2,0.49427548486932893
34,1,3,3,3,41,10,2,0.7175962371084119
25,0,7,1,3,69,7,2,0.8275085311137813
27,0,3,3,2,19,5,2,0.4671057291157117
35,0,7,1,0,10,8,2,0.9532003153610481
31,1,3,2,2,1,9,3,0.18973932874463328
27,0,3,2,2,30,6,2,0.5301832089223527
27,0,3,4,3,1,11,3,0.17446634856967164
37,0,3,4,0,151,8,3,0.9373497858475586
29,0,0,1,1,6,4,0,0.8787343898085798
34,0,7,3,2,0,7,3,0.06050523749379667
31,1,7,1,3,17,6,3,0.686589351812313
27,1,7,4,2,8,7,2,0.19173799367157632
22,0,7,4,3,6,8,3,0.09788092345453299
38,0,7,4,2,30,6,2,0.19173799367157632
34,1,0,4,0,3,4,2,0.2974091269274671
22,0,3,2,2,1,12,2,0.2567780042175167
36,1,3,1,0,6,8,3,0.9440269620834761
38,1,3,4,0,210,12,2,0.90520193894796
25,0,7,1,3,10,5,2,0.8275085311137813
36,0,7,4,2,193,7,2,0.5477271131353904
36,1,3,3,2,10,5,3,0.3535476236897154
26,0,3,1,2,16,7,2,0.8572483925689074
26,0,7,0,2,38,8,0,0.9886085381330278
22,1,3,1,3,169,7,3,0.9791158166332662
34,0,7,0,0,128,8,4,0.9807247956947571
24,1,7,0,1,19,5,2,0.8036078252150692
29,0,7,1,2,2,4,2,0.5943868784863009
38,1,1,2,2,13,6,2,0.36520383913563653
23,1,7,1,2,42,7,2,0.8149811489642007
32,1,7,4,2,9,5,3,0.13851507233090157
30,0,7,4,2,33,5,2,0.19173799367157632
34,0,7,4,2,22,6,2,0.19173799367157632
22,1,3,2,1,53,8,0,0.8135294220328982
24,0,7,3,1,144,6,3,0.43661916399691836
28,0,1,4,1,19,6,2,0.19774993840002228
21,0,7,4,1,20,4,2,0.14617156669624295
32,1,7,4,3,3,10,3,0.06961888680922525
21,0,7,4,3,18,6,2,0.2650325116032955
29,0,7,1,3,5,4,2,0.6804786849840826
31,1,1,0,2,222,10,3,0.9658104883573665
25,1,7,1,3,3,5,2,0.49737036287702346
20,0,7,4,2,59,6,2,0.3295081344382887
28,0,0,0,3,3,9,2,0.9650340476553254
31,0,3,1,0,222,5,2,0.9921895725579197
38,1,1,4,2,24,7,3,0.18798658651749098
32,0,3,4,0,13,8,2,0.6516185144181187
33,1,7,4,0,6,5,3,0.3098071510462749
23,1,7,3,2,5,6,3,0.08540718252786901
21,1,3,3,2,31,12,2,0.4671057291157117
29,0,3,1,2,6,7,2,0.7982592700637847
31,0,7,4,1,0,7,2,0.04980215760699774
35,0,7,4,1,5,8,3,0.048987114355277986
38,1,3,2,3,114,7,2,0.7528476128716226
38,0,7,3,2,38,6,2,0.37180672735768916
37,0,7,4,2,73,7,2,0.19173799367157632
36,0,7,1,3,43,5,2,0.8700600658627557
37,1,1,4,2,3,10,2,0.1316642413333047
33,0,3,2,1,76,6,2,0.4488513055637217
22,1,3,2,3,178,11,2,0.8975147261686591
22,1,7,3,3,79,7,2,0.320550086751266
28,0,3,4,3,25,10,1,0.7336057356178247
38,0,7,0,2,48,10,2,0.8808929034375721
29,1,3,3,2,109,5,2,0.6088373822176605
38,0,7,4,0,36,7,2,0.3984089101362767
27,1,3,4,1,6,7,0,0.6132773970193858
21,0,7,4,1,59,10,2,0.2618059186482525
32,1,7,4,2,0,7,2,0.06770942671755258
29,0,0,3,2,9,4,0,0.5360822138073018
38,0,7,1,3,168,5,2,0.9428588435009359
37,0,7,4,0,46,5,2,0.5784093084369945
27,1,7,4,2,27,9,3,0.13851507233090157
21,0,1,4,1,5,6,3,0.06904592060832918
37,0,7,3,3,0,6,2,0.11735706466584259
35,1,3,1,2,159,12,2,0.9684116697565233
26,0,7,4,0,71,15,2,0.8132017402085157
26,1,3,1,2,178,4,2,0.9784964079389573
38,1,3,3,2,3,7,2,0.2115796129386567
38,1,3,0,0,10,7,3,0.9680523106532936
35,1,3,2,2,110,11,2,0.667094944184006
20,1,7,4,2,0,7,3,0.0469161421399008
34,0,1,4,3,4,10,3,0.13511588793416768
23,1,7,4,2,56,10,2,0.3295081344382887
27,0,3,1,0,7,5,2,0.943708776447091
37,1,1,0,3,43,10,2,0.9418175522861194
31,1,1,1,2,2,5,2,0.58179792698217
34,0,3,1,2,2,7,2,0.7318220303041513
21,0,7,4,1,3,4,2,0.04980215760699774
30,0,7,1,2,35,9,3,0.6814334044724342
25,1,7,4,1,1,6,2,0.04980215760699774
22,0,7,4,2,8,11,3,0.13851507233090157
26,0,7,2,3,51,9,1,0.7728467698872049
33,1,0,4,3,10,5,2,0.8051132268144889
19,1,3,3,1,3,10,1,0.41140906090952095
26,0,7,2,3,34,6,2,0.9741569757628283
37,1,3,4,3,7,4,3,0.4083874786832369
32,0,3,1,2,2,6,1,0.8806494160904836
22,1,3,1,0,24,8,2,0.9613654099685319
36,0,7,4,2,76,5,2,0.19173799367157632
30,0,3,1,2,67,5,2,0.8991258406437996
24,0,1,3,0,34,9,2,0.7263877892375523
25,1,3,2,3,216,9,2,0.8975147261686591
28,1,3,4,3,6,12,2,0.5045714971936305
20,0,7,1,0,114,5,2,0.9133477696785759
22,1,3,1,2,8,6,3,0.8027703092123406
35,1,0,1,0,0,4,2,0.8973616913137368
19,0,7,3,0,0,7,2,0.2096505704453946
30,1,3,0,3,49,9,2,0.9694675201484428
33,0,7,4,0,19,7,3,0.3098071510462749
37,1,7,4,2,13,5,2,0.19173799367157632
26,1,0,2,3,80,5,2,0.46653371241328345
27,1,7,4,2,3,7,2,0.0952756906627491
19,1,7,1,2,27,7,2,0.7593810169389497
32,0,0,4,2,0,6,1,0.2204271087809947
25,0,7,1,0,5,14,2,0.9454203573815934
27,1,3,4,2,142,4,2,0.7737751171854721
30,0,7,3,1,31,9,3,0.12261092824308445
30,1,3,3,3,6,7,2,0.5712652677218227
35,0,3,1,2,0,9,2,0.647703282797043
22,1,7,3,3,5,5,3,0.11557091292248328
26,1,3,0,0,13,9,4,0.9781210454672161
25,0,7,1,1,143,8,3,0.8873968014292406
34,1,3,4,0,8,4,2,0.6516185144181187
20,1,7,2,0,11,5,3,0.4305408014633022
19,0,3,0,2,10,4,2,0.9730088149205776
19,0,7,3,3,4,5,3,0.11557091292248328
25,0,7,1,2,185,7,2,0.9990009102673661
23,0,3,4,2,2,8,3,0.12205835951652672
26,1,7,1,1,41,8,3,0.6829998765445146
37,1,7,3,2,55,10,1,0.6348373805060882
28,0,3,2,2,236,5,2,0.8520949844091797
20,0,1,3,2,3,4,2,0.1544147820149075
24,0,7,2,3,78,6,2,0.3778702566185759
24,0,7,3,2,10,6,3,0.1737974195454624
36,0,0,4,2,6,7,2,0.1316642413333047
25,0,0,4,1,56,7,1,0.5799666986206693
30,1,1,4,1,5,6,2,0.09863214861827935
19,0,3,1,3,6,10,2,0.8574454432430869
19,0,3,4,2,2,6,3,0.12205835951652672
32,1,7,4,3,0,8,2,0.09942441049554852
23,0,7,1,1,50,12,2,0.7606988015025506
32,1,7,2,2,34,4,3,0.21310624157706284
20,0,3,0,3,124,4,2,0.9920174394688329
28,0,7,1,0,31,8,3,0.8565620666202416
28,0,7,3,3,16,7,2,0.320550086751266
27,0,7,2,2,62,6,2,0.2854919466483189
22,1,7,3,0,20,10,2,0.4436992121419159
27,1,3,1,0,26,7,3,0.9440269620834761
22,1,7,4,3,6,7,2,0.13799151878469615
30,1,3,3,2,0,7,2,0.2115796129386567
21,1,3,1,3,15,7,3,0.8608637199543453
21,0,7,0,2,34,12,0,0.9022644906207414
23,0,3,3,0,139,8,3,0.8943736632423477
27,0,3,1,0,239,9,3,0.9830535450854861
38,0,3,1,3,47,7,3,0.9276291370725674
37,0,0,0,0,92,8,2,0.9894244394337759
22,1,7,1,2,14,4,0,0.9401534404769027
28,1,7,3,3,10,5,2,0.3027921576658018
19,1,7,4,2,4,8,2,0.0952756906627491
35,1,7,2,2,118,10,2,0.415035959531553
35,1,7,1,3,70,7,2,0.763712844466626
32,1,3,4,2,21,4,2,0.401193131209257
21,1,7,3,2,15,5,3,0.1737974195454624
29,1,3,4,1,51,7,4,0.5004142367026713
25,0,3,2,0,6,7,2,0.7590607867103114
27,0,7,1,0,6,4,2,0.9004154726303846
31,0,7,4,1,139,9,2,0.46637549669581
21,0,7,1,1,0,5,3,0.3209327688852356
24,1,3,4,3,2,3,3,0.32237770251165365
22,1,7,0,0,2,8,4,0.7531645435911044
20,1,7,1,2,31,6,1,0.8951064650313841
35,1,7,2,2,6,5,2,0.1506541603958824
30,0,1,4,2,3,6,2,0.09467131979796875
22,0,7,4,0,8,6,3,0.3098071510462749
33,0,3,3,1,14,11,1,0.6310555131927571
38,1,3,4,2,13,3,3,0.5055032256035292
32,0,7,4,1,19,5,2,0.14617156669624295
36,1,3,2,2,18,5,4,0.5301832089223527
35,1,7,1,3,29,5,3,0.7647948776221235
20,1,7,1,3,3,4,2,0.7635924276419707
30,1,7,4,1,5,7,2,0.07063023635685803
19,1,7,2,3,3,8,2,0.1567963811617384
24,1,7,4,3,44,8,2,0.4276053908218187
27,1,3,3,2,0,6,4,0.2115796129386567
28,1,7,2,1,2,12,2,0.08111926111917885
27,0,7,4,2,9,6,3,0.13851507233090157
30,1,7,1,2,67,5,2,0.6801282715042763
36,0,7,3,2,31,7,4,0.2222124296375601
25,1,7,1,3,133,8,2,0.9607709898690453
28,1,7,4,2,159,9,2,0.5477271131353904
31,1,7,4,1,9,8,2,0.14617156669624295
28,1,3,4,3,5,7,2,0.31135061170657247
33,1,3,3,2,13,4,3,0.3726910492540855
37,1,7,3,0,148,5,0,0.970309138805884
28,1,7,3,2,2,8,2,0.08043270865844954
22,0,7,3,3,14,5,2,0.3027921576658018
33,0,1,0,3,39,3,2,0.9732904091903105
31,0,3,3,3,149,6,1,0.9442323893215832
36,1,1,4,0,27,8,2,0.4881105158156676
19,1,3,2,1,8,11,2,0.4488513055637217
29,0,7,2,2,3,8,3,0.076564665158111
32,1,7,1,0,0,7,3,0.8086657802259859
30,1,7,1,2,163,8,2,0.9415599656337198
34,1,7,4,2,4,11,1,0.22163775039350292
25,1,7,1,0,47,5,2,0.9247957141388364
27,1,7,4,2,33,5,3,0.13851507233090157
31,1,7,4,3,1,5,2,0.09942441049554852
33,1,3,1,2,78,7,2,0.8991258406437996
26,1,7,4,2,63,9,3,0.13851507233090157
31,0,0,3,0,52,5,2,0.721016181134473
37,1,7,3,2,22,10,2,0.23684998372404348
22,1,3,1,3,0,6,3,0.737641732963824
19,0,7,2,0,44,10,2,0.6979643237354605
22,1,7,4,2,59,9,2,0.3295081344382887
27,0,7,0,2,4,6,2,0.6131251823438566
27,1,7,4,3,2,9,3,0.06961888680922525
37,0,7,4,3,10,8,3,0.19640828735719237
28,0,7,4,1,0,6,2,0.04980215760699774
24,0,7,4,2,75,6,3,0.13851507233090157
21,0,7,3,1,4,6,2,0.08385300262590746
30,1,7,2,2,13,8,3,0.21310624157706284
22,1,7,4,1,47,5,2,0.2618059186482525
25,1,1,0,1,12,6,3,0.7997300487589603
30,0,7,0,2,231,10,2,0.9666067678836112
24,1,7,1,3,5,4,3,0.49303118710381555
37,0,7,1,1,2,7,2,0.4108224364416618
32,0,7,4,2,114,12,3,0.2220977665632517
35,1,3,1,2,40,4,2,0.9255987115866665
26,0,3,2,2,2,5,2,0.2567780042175167
33,0,7,3,0,35,5,2,0.4642186972337638
35,1,1,4,2,50,6,2,0.41438226313210946
28,1,0,4,1,4,8,2,0.09863214861827935
23,0,7,4,2,4,7,3,0.0666218676473796
22,1,7,4,2,45,5,2,0.3295081344382887
38,0,7,4,1,6,5,3,0.048987114355277986
29,1,7,4,2,1,7,3,0.0469161421399008
38,1,0,3,2,67,6,3,0.21802561537235302
35,0,3,4,1,76,8,2,0.32592173020100806
22,0,7,1,3,6,5,2,0.6804786849840826
32,0,3,0,1,22,5,2,0.9203607080069963
33,0,7,1,2,49,7,2,0.8673392262823717
23,0,7,4,2,0,7,3,0.0469161421399008
28,1,7,0,2,2,12,3,0.5405621534074054
24,1,7,4,2,6,8,2,0.0952756906627491
24,1,7,4,2,77,5,2,0.19173799367157632
22,1,3,1,3,18,5,2,0.9312679796610085
32,1,7,4,2,24,9,3,0.13851507233090157
29,1,7,3,2,4,11,1,0.2714221835493781
32,1,7,4,2,53,5,3,0.24986498513370112
28,1,7,3,1,6,7,2,0.0904362776096614
38,0,7,4,3,13,7,3,0.19640828735719237
33,0,3,4,0,2,5,2,0.5696689957240569
24,0,7,3,2,8,6,2,0.2222124296375601
22,1,7,4,1,1,7,2,0.04980215760699774
28,0,7,4,2,165,8,2,0.5477271131353904
38,0,3,0,0,34,7,1,0.9870316783490067
30,0,7,0,3,56,7,2,0.9183169203332489
32,0,3,4,2,4,9,2,0.22924216265835395
23,0,3,3,3,179,4,2,0.8622935166188029
30,0,7,4,2,53,5,3,0.24986498513370112
24,0,7,4,2,3,5,4,0.0952756906627491
36,0,7,0,1,4,11,2,0.5335184474937743
32,0,7,1,2,213,10,1,0.9670518529582733
26,1,7,1,3,33,6,2,0.763712844466626
32,1,1,4,0,8,5,3,0.3925779182276662
32,0,7,3,3,1,6,2,0.1262083708756705
25,0,7,3,0,29,8,2,0.4642186972337638
20,0,7,3,2,4,5,2,0.12109230354434995
26,1,7,1,2,33,11,2,0.6801282715042763
31,1,7,0,2,46,11,2,0.9215457317556898
32,1,7,2,3,28,11,2,0.3778702566185759
36,0,7,4,3,1,7,2,0.09942441049554852
34,1,3,4,2,5,5,1,0.4457426162076737
22,1,7,2,3,44,4,2,0.5571857181089149
38,0,7,3,1,69,5,3,0.12261092824308445
23,0,7,1,3,13,6,2,0.8275085311137813
24,1,7,4,2,40,12,2,0.3295081344382887
31,0,7,3,2,83,2,2,0.39141036277766167
37,1,7,2,2,47,10,2,0.45288159490426627
22,0,7,2,0,0,4,3,0.18796193938017733
28,1,7,1,0,10,10,2,0.9320757521716394
32,1,7,1,0,46,6,2,0.9480582104599331
28,0,7,2,2,33,5,2,0.2854919466483189
35,0,7,1,2,4,9,2,0.5835077373094789
31,0,7,3,3,30,4,3,0.24228971076103156
23,1,7,0,1,67,10,2,0.720385435581409
37,1,3,2,2,12,10,2,0.5301832089223527
26,1,7,4,3,8,9,2,0.2650325116032955
21,0,7,4,1,21,9,3,0.1039700280549616
29,1,7,4,3,5,8,3,0.09788092345453299
37,0,7,4,1,0,12,3,0.034305763809608196
20,1,3,1,3,8,8,1,0.9610636405755169
28,1,0,1,0,41,3,2,0.9927412228046655
36,0,3,1,3,15,7,3,0.8608637199543453
30,1,7,0,2,92,12,2,0.9662496887099888
31,1,3,4,3,12,5,3,0.4083874786832369
30,1,7,4,2,39,6,1,0.5705994485835953
23,0,3,1,3,68,8,3,0.9018020702740305
28,1,7,4,3,170,9,2,0.6480033370804856
21,0,7,4,2,20,6,3,0.13851507233090157
24,1,1,1,3,138,7,2,0.9596092012552824
34,1,3,0,2,12,5,2,0.9412241832652388
23,1,7,3,2,3,10,3,0.08540718252786901
37,1,3,3,1,240,10,3,0.668314977583006
21,1,7,4,1,192,9,2,0.46637549669581
28,0,1,2,3,1,9,2,0.2111964979131516
22,1,3,2,0,43,7,2,0.9378410340043524
22,0,1,3,3,32,8,2,0.4045088744554291
21,0,1,4,2,32,11,3,0.18798658651749098
27,1,7,3,3,3,7,3,0.11557091292248328
33,1,7,1,1,66,8,2,0.605436254141061
34,1,3,4,2,1,5,3,0.12205835951652672
31,1,7,4,2,3,6,2,0.0952756906627491
25,0,7,4,3,6,5,2,0.13799151878469615
32,1,0,4,3,4,4,2,0.9912905114161046
32,0,7,4,2,3,8,2,0.0952756906627491
25,1,3,4,1,4,7,3,0.12700425838095875
31,1,7,3,3,2,4,2,0.11735706466584259
27,0,3,4,2,8,10,3,0.3122936162960593
26,0,7,1,2,161,6,2,0.9415599656337198
31,0,3,4,0,6,7,2,0.45364898003732856
36,1,7,1,2,74,6,2,0.6801282715042763
19,1,3,1,2,5,5,2,0.7982592700637847
35,0,7,3,1,3,10,3,0.04441251181277217
28,1,3,1,2,34,7,2,0.8991258406437996
38,0,7,3,3,1,4,2,0.1262083708756705
28,1,7,1,3,226,9,3,0.9431815441239387
26,0,7,1,1,5,5,3,0.4066274778207646
25,1,7,1,2,4,3,2,0.7592590884112065
20,1,7,1,3,5,5,3,0.5907460945806399
25,1,3,4,3,8,10,2,0.5045714971936305
34,1,7,1,0,2,7,2,0.7295387493024799
20,0,7,1,2,46,5,2,0.8673392262823717
21,0,7,4,3,5,11,2,0.13799151878469615
38,0,3,3,0,11,5,2,0.692556396964197
37,1,3,4,2,114,5,1,0.7628569315059004
27,0,7,1,1,22,9,2,0.605436254141061
38,1,7,4,2,0,6,2,0.06770942671755258
26,1,7,1,3,99,12,2,0.8949439313393902
23,1,3,0,3,194,11,1,0.995295713459153
25,0,7,1,2,18,7,2,0.9924788813980253
37,0,7,1,2,5,8,2,0.5835077373094789
19,0,7,4,1,6,8,2,0.14617156669624295
32,1,7,2,2,20,7,2,0.2854919466483189
38,1,7,2,2,11,9,3,0.21310624157706284
31,0,7,1,2,6,5,2,0.7593810169389497
34,1,7,1,0,237,5,3,0.9682399974417046
32,0,3,1,2,136,11,2,0.9684116697565233
37,0,7,1,2,11,7,2,0.7593810169389497
32,1,7,4,2,30,5,2,0.19173799367157632
37,0,7,3,2,33,5,3,0.1737974195454624
19,0,7,1,2,3,4,2,0.5835077373094789
24,0,7,4,3,60,6,3,0.3361386014765922
31,0,7,0,3,33,7,3,0.7862432938719417
19,1,1,4,1,42,4,2,0.33803323222373727
25,1,1,4,2,64,4,2,0.25460057342619274
21,1,0,4,2,2,8,3,0.06618596215903105
24,0,7,4,2,77,7,2,0.19173799367157632
25,0,7,4,2,2,7,2,0.06770942671755258
37,1,3,3,0,9,5,1,0.8687096655021191
19,1,7,4,3,5,6,2,0.13799151878469615
21,0,1,4,2,65,5,2,0.25460057342619274
21,1,7,4,0,1,4,3,0.24109575457027524
31,0,3,1,1,10,5,2,0.812513978091017
30,1,7,2,2,1,11,2,0.10899547604453799
37,1,3,2,0,17,10,2,0.8792704354447299
30,0,3,2,3,9,5,3,0.5376139353058357
19,0,7,1,1,10,6,3,0.6068699872744354
34,0,7,4,2,8,6,2,0.19173799367157632
20,0,1,4,2,30,6,2,0.25460057342619274
37,0,7,1,0,41,4,2,0.9480582104599331
37,0,3,4,3,3,11,2,0.23769177786383444
34,1,7,4,2,40,10,2,0.3295081344382887
29,1,7,3,2,8,6,2,0.2222124296375601
30,1,3,1,3,36,7,3,0.8608637199543453
36,0,3,0,3,23,7,1,0.976438962726124
37,0,7,4,1,58,7,2,0.2618059186482525
26,1,7,1,3,37,6,1,0.9476581594707629
19,1,7,1,2,148,7,3,0.9161088369866378
24,1,7,3,1,64,11,2,0.17093539450441786
34,0,7,4,2,2,8,0,0.15811198635643248
22,0,7,1,3,0,5,2,0.49737036287702346
37,1,7,1,3,1,6,3,0.40144674598902436
24,0,7,4,2,9,4,3,0.13851507233090157
28,1,7,4,2,45,7,2,0.3295081344382887
25,0,7,4,0,36,4,2,0.3984089101362767
32,1,7,0,0,22,5,3,0.8710531268981131
27,1,7,2,3,63,5,2,0.3778702566185759
36,1,3,1,0,139,4,2,0.9921895725579197
19,0,7,3,2,1,8,2,0.08677289082782383
20,1,7,1,2,0,12,3,0.39572838841414987
35,0,7,2,2,2,7,2,0.10899547604453799
36,1,7,4,2,10,11,3,0.13851507233090157
24,0,7,1,2,7,10,1,0.8518353599797815
37,0,0,3,2,119,7,2,0.42211618977323684
32,1,0,1,0,130,7,3,0.9981650197533551
38,0,7,3,2,10,6,2,0.2222124296375601
22,0,7,4,1,156,6,2,0.46637549669581
37,0,7,3,1,4,5,2,0.0904362776096614
35,0,0,3,2,7,7,2,0.29146336227934916
33,0,7,4,2,5,11,2,0.0952756906627491
32,0,7,0,1,23,10,2,0.720385435581409
24,0,7,4,1,23,12,2,0.14617156669624295
29,1,3,2,3,123,5,3,0.8558188755821713
26,0,3,4,2,2,4,3,0.12205835951652672
38,1,7,3,2,1,5,3,0.06050523749379667
21,0,3,1,2,5,8,2,0.7982592700637847
35,0,7,4,1,113,6,3,0.1708413789233215
32,1,7,1,2,160,8,2,0.9415599656337198
29,1,3,1,2,52,7,2,0.9486266195930647
22,1,7,3,2,195,9,2,0.6130664235278493
33,1,3,2,3,233,5,2,0.8975147261686591
28,1,3,4,3,2,5,3,0.17446634856967164
36,1,7,1,3,6,5,3,0.49303118710381555
36,0,7,4,3,68,6,2,0.2650325116032955
28,1,7,3,3,11,9,3,0.24228971076103156
21,1,7,1,0,123,4,2,0.9782509092523439
35,1,0,1,2,33,9,0,0.9215717756809652
23,1,7,3,2,170,6,2,0.6130664235278493
26,0,3,4,2,59,7,2,0.5812360910981134
21,1,3,2,3,5,7,3,0.3404344884942394
34,0,7,4,3,5,4,2,0.13799151878469615
33,1,7,4,1,12,5,4,0.14617156669624295
37,0,7,4,2,78,6,3,0.13851507233090157
27,1,3,4,0,4,8,2,0.6574755081909471
26,0,7,1,3,4,6,2,0.6804786849840826
28,0,7,4,2,25,6,2,0.19173799367157632
31,1,7,4,0,3,7,2,0.1685748023948792
21,1,1,1,2,116,6,3,0.8454164198700366
34,0,7,2,1,15,11,2,0.22381462580496778
31,1,7,2,2,12,11,2,0.9612367856756207
29,1,7,4,0,70,4,2,0.3984089101362767
27,0,3,4,2,98,8,3,0.44640100707019204
29,0,7,1,2,5,5,3,0.4870698484270881
29,0,1,2,3,5,6,3,0.20831921269799927
27,1,3,1,2,2,7,3,0.5547883641076656
29,0,7,3,2,9,7,3,0.16222822285069657
20,0,3,2,2,5,7,1,0.575295092444319
27,0,7,3,3,8,7,2,0.320550086751266
24,0,3,1,0,183,7,2,0.9921895725579197
36,0,3,4,3,7,5,3,0.4083874786832369
22,1,7,2,1,4,6,3,0.0798347557977358
25,1,3,3,3,14,9,2,0.5508791173092622
22,0,3,4,3,6,5,3,0.4083874786832369
34,0,7,4,1,29,7,3,0.1039700280549616
32,1,3,1,3,82,6,2,0.9012689558391219
20,1,7,1,3,13,8,2,0.8275085311137813
20,1,3,2,2,33,7,3,0.4333878058217357
28,0,7,2,3,139,6,1,0.8934387632191068
24,0,1,3,3,5,7,2,0.23168663426048472
31,0,3,1,1,2,7,3,0.47348593872969474
33,1,3,4,3,1,8,2,0.23769177786383444
36,1,3,1,2,6,4,1,0.9145232060121089
25,1,7,2,0,134,5,2,0.850626701265653
21,0,0,1,2,82,8,3,0.6747990290137521
24,0,7,4,3,63,10,2,0.2650325116032955
36,1,3,4,3,31,10,3,0.4083874786832369
19,1,3,0,2,27,5,2,0.9412241832652388
22,1,7,4,2,5,7,2,0.0952756906627491
31,1,7,1,0,1,5,3,0.5519206815495701
33,1,1,2,2,1,7,2,0.14975664995640398
27,1,7,2,2,8,5,3,0.21310624157706284
37,1,7,3,2,8,5,3,0.1737974195454624
35,0,0,2,2,211,6,3,0.6656281901080415
34,0,7,4,2,1,7,2,0.06770942671755258
37,1,3,4,0,233,6,2,0.90520193894796
24,0,7,4,1,5,6,2,0.07063023635685803
30,1,7,4,2,0,5,2,0.06770942671755258
29,1,7,1,2,5,6,3,0.4870698484270881
35,1,7,1,0,24,6,1,0.9597148834409513
36,1,7,4,2,35,7,3,0.13851507233090157
31,1,7,4,2,1,6,2,0.06770942671755258
22,0,1,1,3,58,5,2,0.9346826720162051
36,1,7,4,3,1,7,2,0.09942441049554852
23,1,3,0,1,98,7,2,0.9281644731056017
28,0,7,2,0,1,8,2,0.25456993055029564
19,1,3,0,1,140,7,3,0.961799613745577
23,1,7,4,0,10,5,3,0.3098071510462749
21,1,7,1,3,72,8,2,0.8275085311137813
26,1,7,4,2,12,4,2,0.19173799367157632
37,1,3,4,2,34,10,2,0.401193131209257
27,1,7,4,0,2,4,3,0.12082043562299201
28,0,7,2,2,5,10,2,0.1506541603958824
25,1,7,3,2,18,4,2,0.39141036277766167
38,1,7,1,1,209,6,2,0.8867952984163199
23,0,7,4,2,30,4,4,0.19173799367157632
19,0,3,4,2,4,7,2,0.22924216265835395
38,0,7,4,0,4,5,4,0.22719849020662616
24,0,7,4,3,206,11,2,0.6480033370804856
27,0,3,2,2,46,6,2,0.7004046962555395
30,0,1,2,2,29,5,2,0.36520383913563653
27,0,7,1,2,6,7,2,0.48556956474893215
33,0,7,1,3,79,8,2,0.763712844466626
27,1,7,0,2,86,7,2,0.9096513926938212
24,1,3,4,3,47,5,2,0.6784444771152031
38,1,7,3,1,83,4,2,0.17093539450441786
21,0,7,1,0,221,8,3,0.979373712683209
36,0,7,4,2,18,5,3,0.13851507233090157
24,0,7,4,3,1,5,3,0.06961888680922525
26,0,7,4,2,38,5,2,0.3295081344382887
20,0,7,4,2,215,7,3,0.4508020768233382
22,0,7,4,1,30,7,2,0.14617156669624295
22,0,1,2,0,10,11,3,0.5212090479009787
24,0,7,4,3,49,5,3,0.3361386014765922
20,1,3,1,2,175,7,3,0.9540844150248363
27,0,3,0,1,172,13,0,0.9977001949504907
36,1,7,3,2,1,7,2,0.08677289082782383
33,0,3,2,0,3,8,3,0.6866531105734425
31,1,7,0,3,16,5,2,0.8960394822889021
25,1,3,1,2,80,6,3,0.8579817480466164
31,1,7,3,2,13,7,3,0.16222822285069657
26,1,7,1,3,2,6,2,0.49737036287702346
22,0,7,1,1,208,5,2,0.8867952984163199
21,0,7,3,2,75,6,2,0.2222124296375601
29,0,7,2,0,18,10,2,0.5272920785144884
19,0,7,1,3,67,8,2,0.763712844466626
34,0,7,0,3,8,4,3,0.7862432938719417
36,0,7,1,3,10,5,2,0.763712844466626
24,0,3,3,3,29,5,2,0.5508791173092622
19,0,7,2,2,146,8,3,0.5802854977637721
21,1,7,3,3,3,7,4,0.11735706466584259
32,0,7,0,1,104,5,2,0.8206223321280555
35,1,7,4,2,3,8,2,0.06770942671755258
30,1,3,1,2,6,6,1,0.9419872781169868
26,0,1,2,2,3,7,2,0.14975664995640398
31,0,7,2,0,197,5,3,0.7942281729620151
20,0,3,2,1,51,6,2,0.6278566967842378
24,0,3,1,2,7,6,3,0.8579817480466164
35,1,7,0,0,3,6,2,0.8754192542548266
33,1,3,4,1,15,6,2,0.32592173020100806
24,0,7,4,3,3,5,3,0.06961888680922525
28,1,7,3,2,62,10,2,0.23684998372404348
38,0,3,3,2,14,9,2,0.4465649943580163
24,0,7,3,3,4,10,3,0.11557091292248328
25,0,7,2,2,1,5,2,0.10899547604453799
25,0,7,4,0,11,10,2,0.3984089101362767
29,0,7,4,2,7,12,3,0.13851507233090157
36,0,3,4,2,63,4,3,0.3122936162960593
23,1,7,4,2,9,5,2,0.19173799367157632
28,0,7,1,2,92,8,2,0.8485770776686115
25,0,7,2,3,1,7,3,0.11192945168400854
27,0,7,1,1,12,7,3,0.6068699872744354
25,0,7,4,0,1,9,1,0.3541026108170725
31,1,7,1,2,51,8,2,0.8673392262823717
20,0,7,2,3,0,6,3,0.11192945168400854
37,0,7,1,2,32,5,1,0.8518353599797815
33,1,7,3,2,3,5,3,0.07915813821055251
22,1,7,1,0,26,6,2,0.8980685915132466
28,0,3,4,1,14,4,2,0.32592173020100806
27,1,7,4,1,2,4,3,0.034305763809608196
27,1,7,4,2,4,4,3,0.0666218676473796
28,0,7,4,2,206,9,2,0.5477271131353904
33,0,7,3,0,3,6,3,0.19353793162080746
27,0,3,2,2,36,7,2,0.7004046962555395
26,1,7,1,1,2,8,2,0.3196253412018883
27,1,7,4,2,16,9,2,0.19173799367157632
33,1,3,1,2,180,6,3,0.9685948692707739
21,0,7,3,1,8,6,2,0.17093539450441786
30,1,7,3,1,2,11,2,0.059374787603645514
27,1,7,3,3,5,11,1,0.3615515580915006
31,1,7,4,2,90,5,2,0.2963872599615633
38,1,3,1,2,163,6,2,0.9784964079389573
36,0,7,3,3,33,5,2,0.320550086751266
21,0,7,4,2,6,6,1,0.22163775039350292
37,1,0,1,1,220,6,2,0.9436342132471254
22,0,3,0,0,4,10,3,0.8943970618516974
35,1,7,4,3,3,4,2,0.09942441049554852
20,1,7,2,2,9,4,3,0.21310624157706284
35,1,7,2,2,3,5,2,0.10899547604453799
25,1,7,4,1,1,7,2,0.04980215760699774
32,0,1,4,3,36,5,2,0.518218012733308
38,1,7,1,0,3,12,2,0.7963842576183967
34,0,3,0,3,9,8,1,0.976438962726124
23,1,7,2,2,1,5,2,0.10899547604453799
36,0,7,2,3,5,11,2,0.2123702534417876
23,0,7,4,2,1,10,2,0.06770942671755258
29,1,7,4,3,2,10,2,0.09942441049554852
20,1,7,4,3,0,6,3,0.06961888680922525
24,1,7,4,1,125,7,2,0.46637549669581
27,0,0,4,1,27,5,2,0.19774993840002228
38,0,7,4,3,26,11,2,0.2650325116032955
22,1,3,4,2,161,11,2,0.7737751171854721
22,1,1,1,2,6,5,2,0.668569450079269
21,1,7,1,0,235,3,3,0.9937363354056932
20,0,7,4,2,39,5,2,0.3295081344382887
22,0,7,4,2,130,7,2,0.5477271131353904
24,0,3,4,3,195,7,2,0.8386928733933798
28,0,0,4,3,79,12,3,0.2603089198669121
20,1,7,3,2,6,12,2,0.11255358228323815
32,0,3,4,2,181,5,3,0.6986399434487266
23,1,7,2,2,18,6,2,0.2854919466483189
24,1,0,1,0,1,12,1,0.8761640939925683
24,1,0,2,2,2,4,3,0.10664933965513161
19,1,3,4,0,0,7,2,0.3641257631067116
23,0,3,1,3,236,10,3,0.969312457944115
27,0,7,1,1,208,6,2,0.9208056532812027
35,1,7,2,0,1,5,2,0.25456993055029564
36,0,3,1,2,64,7,2,0.8991258406437996
28,1,7,2,3,2,7,3,0.11192945168400854
32,1,1,2,0,131,7,2,0.8912968736067969
19,1,7,4,1,12,5,2,0.14617156669624295
25,0,7,1,2,150,6,2,0.9156461283811059
31,1,7,4,3,12,7,0,0.4825325906091463
35,1,7,0,0,11,7,3,0.8710531268981131
20,0,7,4,0,5,10,2,0.22719849020662616
30,0,7,2,3,55,8,3,0.46029035301680715
32,0,3,4,3,34,5,2,0.5045714971936305
33,0,3,1,2,154,14,2,0.9886589026314527
27,1,7,4,2,6,11,2,0.0952756906627491
35,0,7,3,2,0,7,2,0.08043270865844954
22,1,7,0,2,55,5,3,0.833687631116253
29,0,3,0,3,6,5,3,0.9428545134723437
34,1,7,1,3,9,12,2,0.9966525426416377
25,1,7,2,0,4,5,2,0.33118680806966755
21,0,7,4,3,1,7,2,0.09942441049554852
30,0,7,4,2,5,4,2,0.0952756906627491
30,1,7,2,1,6,9,3,0.0798347557977358
37,1,7,4,2,14,10,2,0.19173799367157632
25,0,3,4,3,214,5,3,0.7789593847065341
30,0,7,1,3,182,7,2,0.9993425269264039
23,0,7,4,3,4,8,2,0.13799151878469615
36,1,7,4,2,12,7,2,0.19173799367157632
35,1,7,1,1,35,8,2,0.605436254141061
19,1,7,4,2,21,10,3,0.13851507233090157
38,1,7,3,3,43,6,2,0.4736018134052763
21,0,3,1,3,190,5,3,0.9791158166332662
21,0,3,3,3,1,6,4,0.27300304093662764
19,0,3,1,1,36,11,3,0.9003195671632928
34,1,3,1,3,18,6,4,0.9312679796610085
30,0,7,3,2,18,5,2,0.2222124296375601
27,1,7,1,2,14,15,2,0.8580768738716429
20,1,7,1,1,177,9,0,0.9830153423251289
27,1,7,1,0,3,7,2,0.7295387493024799
22,1,7,3,2,103,10,2,0.33656839388704435
33,0,3,1,1,70,5,2,0.8654549724300595
35,0,3,4,3,60,2,2,0.6962953933214587
38,1,7,4,2,1,6,2,0.06770942671755258
34,1,7,3,2,12,7,2,0.2222124296375601
32,1,3,1,0,52,8,2,0.9720128867916068
38,1,7,4,2,4,7,2,0.0952756906627491
28,0,7,3,0,22,6,1,0.6832061899923186
22,1,3,1,0,39,8,2,0.9916784864130549
37,1,7,1,2,93,9,3,0.7915942782863314
31,1,1,1,0,206,6,3,0.9777258922143557
38,1,3,1,3,4,6,2,0.8574454432430869
26,1,3,1,0,7,7,2,0.9613654099685319
27,0,3,1,1,102,7,2,0.919498431206408
28,0,7,1,2,147,6,2,0.9156461283811059
23,1,3,3,1,5,5,3,0.14908784006285136
38,0,7,0,3,31,4,3,0.7862432938719417
29,1,3,2,2,207,4,2,0.9284127665194898
31,1,7,4,2,104,11,3,0.2220977665632517
25,1,3,4,3,4,9,2,0.31135061170657247
34,0,7,4,1,11,7,3,0.1039700280549616
27,0,7,1,0,82,7,2,0.8558226120892807
36,1,7,2,0,1,8,1,0.6809898249931606
20,0,7,1,2,41,5,2,0.8673392262823717
22,1,7,3,2,236,11,3,0.5178170227768881
33,1,7,1,2,27,11,2,0.7593810169389497
26,0,3,4,0,5,9,2,0.45364898003732856
27,0,7,1,3,9,6,3,0.686589351812313
19,0,7,4,3,78,10,2,0.2650325116032955
20,1,1,1,3,49,10,4,0.9346826720162051
27,1,3,2,1,2,11,3,0.1445629298150202
19,1,0,4,2,3,6,2,0.8664863400039071
36,0,3,4,3,14,6,3,0.4083874786832369
20,1,7,1,1,16,7,2,0.6948931752090076
37,0,0,4,2,4,5,3,0.4498592013197934
25,1,7,3,1,20,8,3,0.12261092824308445
27,1,7,1,3,16,5,1,0.8973252221907827
24,1,3,2,0,163,7,3,0.9159741097829787
19,0,7,1,0,13,6,1,0.9597148834409513
25,1,1,4,1,29,11,3,0.14315377952790126
23,0,7,4,2,84,4,2,0.19173799367157632
21,0,1,4,2,3,8,2,0.1316642413333047
22,1,7,4,3,212,7,3,0.5551131985354308
26,1,7,3,1,216,5,2,0.5128060745137323
32,0,7,3,3,0,5,3,0.08916853688468515
27,0,7,4,0,19,9,1,0.6416674610761121
38,0,7,2,0,25,6,3,0.4305408014633022
21,0,3,1,2,3,11,2,0.7982592700637847
22,0,3,1,3,82,11,2,0.9312679796610085
24,0,7,1,1,7,5,1,0.860302415900484
19,1,7,4,3,144,13,0,0.9312080909069541
26,1,3,2,2,9,5,2,0.5301832089223527
25,0,7,1,3,35,7,2,0.763712844466626
28,0,3,2,2,13,7,2,0.5301832089223527
32,0,7,4,0,12,4,3,0.3098071510462749
37,1,7,1,0,4,8,2,0.724904098869915
30,0,7,3,2,4,9,2,0.12109230354434995
38,0,0,4,2,10,8,1,0.48013135612314384
21,1,7,3,3,2,6,2,0.1262083708756705
24,1,3,4,0,189,6,2,0.956661630633907
31,1,7,3,2,28,6,2,0.23684998372404348
36,1,7,4,2,2,10,3,0.0469161421399008
24,0,7,2,2,49,12,2,0.45288159490426627
32,0,0,4,2,167,7,0,0.9903387805616702
32,1,7,0,2,4,5,2,0.7156715965761011
28,1,7,3,3,1,6,2,0.11735706466584259
21,1,7,0,0,10,4,2,0.940579001845366
32,0,7,2,1,2,6,2,0.08111926111917885
32,0,3,3,0,9,5,2,0.7098982590188593
30,0,7,4,3,9,5,2,0.2650325116032955
38,0,7,1,3,6,8,0,0.9254042625542553
34,1,7,2,2,0,12,3,0.076564665158111
35,0,7,4,3,14,5,1,0.493683853920291
22,0,7,4,2,22,11,2,0.19173799367157632
26,1,7,4,3,191,9,2,0.6480033370804856
32,0,7,4,3,40,10,2,0.4276053908218187
19,0,0,1,2,11,5,2,0.8196268062005243
23,1,7,4,2,6,7,2,0.0952756906627491
19,1,7,3,3,3,4,2,0.1262083708756705
23,1,7,0,3,12,10,1,0.936198904528452
32,0,7,4,2,0,5,3,0.0469161421399008
25,1,7,4,2,2,9,2,0.06770942671755258
37,0,7,4,1,41,7,2,0.2618059186482525
27,1,3,2,0,54,5,3,0.8156217177321252
30,1,3,4,2,10,11,1,0.6443309079785957
22,1,7,1,0,9,6,2,0.9320757521716394
34,0,7,4,0,106,5,1,0.8802506917099422
27,0,7,4,0,39,5,2,0.7602861820295751
38,1,7,3,2,56,5,3,0.3035174328942328
33,1,7,4,2,8,4,1,0.39077668936847837
31,0,7,2,2,19,6,3,0.21310624157706284
31,1,7,0,2,24,6,2,0.850075151553441
29,1,3,3,2,93,5,2,0.6088373822176605
28,0,7,4,3,11,8,3,0.19640828735719237
21,0,3,1,3,79,7,2,0.9012689558391219
25,0,7,1,2,3,12,2,0.4914074137621636
35,1,1,1,1,35,7,2,0.766316625798995
21,1,7,4,2,55,6,2,0.3295081344382887
22,0,7,2,2,47,9,1,0.6911867457157039
25,0,7,4,2,3,8,2,0.06770942671755258
29,0,3,1,3,10,6,1,0.9734299113446038
35,1,3,4,2,3,5,2,0.17020729105823318
36,0,7,4,3,3,10,3,0.09788092345453299
36,1,1,4,3,32,9,3,0.2603089198669121
32,0,0,0,3,54,8,2,0.9418175522861194
33,0,7,2,3,6,5,3,0.2916219333340934
24,0,7,1,2,28,7,1,0.8518353599797815
30,0,7,0,2,7,8,2,0.7811818727957353
30,1,7,1,3,2,4,1,0.8576150622686682
33,1,7,4,2,11,5,2,0.19173799367157632
29,0,7,1,1,2,9,2,0.3196253412018883
26,0,7,4,3,1,7,2,0.09942441049554852
30,1,3,1,2,190,5,2,0.9784964079389573
28,1,7,4,2,0,9,2,0.06770942671755258
22,1,7,3,3,10,4,0,0.7623960325576086
32,0,7,3,2,0,5,1,0.20440572047666947
35,0,7,3,0,11,5,3,0.3509002931633682
30,0,3,4,2,21,6,2,0.401193131209257
33,0,7,1,2,28,4,3,0.5903565139703284
36,0,3,4,3,1,8,3,0.17446634856967164
35,0,3,0,2,15,5,3,0.9156399207372427
26,0,3,4,1,10,9,2,0.32592173020100806
19,0,7,1,1,111,5,3,0.6487255309764702
20,0,3,3,2,2,7,2,0.19809839732023654
32,1,7,4,3,99,11,3,0.3026520943707574
38,1,7,4,3,2,11,2,0.09942441049554852
33,1,7,4,3,9,7,2,0.2650325116032955
22,0,7,4,3,24,11,2,0.2650325116032955
22,0,7,1,2,224,4,2,0.9156461283811059
19,1,7,0,2,25,4,3,0.7935189258569222
25,1,3,0,0,128,8,2,0.9930891831354749
38,0,7,4,2,15,7,2,0.19173799367157632
24,0,3,1,3,54,5,2,0.9497768130202219
29,0,3,4,1,25,6,2,0.32592173020100806
29,0,3,1,2,81,4,2,0.8991258406437996
32,1,7,4,3,31,6,2,0.2650325116032955
35,1,3,3,0,1,6,2,0.4283043545756642
37,0,3,3,2,70,3,2,0.6636638224310617
19,0,7,4,0,4,12,2,0.22719849020662616
38,0,7,1,0,5,6,3,0.8050246751025973
32,1,7,1,2,104,5,2,0.7906017768994027
32,0,7,4,2,9,4,3,0.13851507233090157
32,1,7,3,2,3,9,2,0.08043270865844954
24,0,1,3,2,75,7,2,0.29146336227934916
27,1,7,2,0,28,7,3,0.4305408014633022
26,0,3,1,1,6,7,2,0.812513978091017
28,0,7,3,1,2,6,2,0.059374787603645514
24,0,3,4,0,26,7,2,0.6516185144181187
31,1,7,2,2,30,8,2,0.2854919466483189
32,0,7,4,0,90,5,2,0.5404355427357926
36,0,7,1,2,6,12,2,0.5835077373094789
19,1,7,4,3,2,9,2,0.09942441049554852
23,0,7,4,0,5,8,3,0.16615587055551284
27,1,0,4,3,2,5,2,0.1371572630938399
24,1,7,3,3,7,7,3,0.22741615698116557
19,0,3,4,3,12,11,2,0.5045714971936305
26,1,7,4,2,20,7,2,0.19173799367157632
29,1,7,4,2,25,6,3,0.13851507233090157
23,0,7,1,3,80,9,2,0.763712844466626
31,0,7,3,2,214,4,3,0.4971266110620903
34,1,7,4,1,1,10,2,0.04980215760699774
36,0,0,4,1,5,10,2,0.09863214861827935
30,0,1,4,2,217,6,3,0.5416784790802114
26,0,0,4,1,1,4,2,0.0701700758807241
27,0,7,4,1,3,4,2,0.07063023635685803
29,0,3,4,2,24,6,3,0.3122936162960593
34,1,3,0,3,2,6,3,0.83474670301695
23,1,7,4,3,12,5,2,0.2650325116032955
20,0,7,1,3,73,6,2,0.763712844466626
26,1,7,3,2,10,10,2,0.23684998372404348
31,0,7,2,0,36,8,2,0.6979643237354605
33,1,7,4,3,2,8,3,0.06961888680922525
24,1,7,3,3,66,5,1,0.5400815343778694
26,1,7,1,0,9,12,3,0.8009267673563681
19,1,3,1,1,16,4,2,0.812513978091017
19,0,7,4,2,1,6,0,0.15811198635643248
37,0,7,4,2,24,5,2,0.19173799367157632
29,1,3,2,2,17,10,2,0.5301832089223527
32,1,7,3,2,11,7,1,0.43582792762497835
23,1,7,4,2,93,5,2,0.2963872599615633
29,1,3,1,3,126,5,2,0.985749072063653
22,0,3,1,0,12,7,3,0.9440269620834761
33,0,7,3,3,2,6,3,0.08916853688468515
23,1,7,4,2,46,8,3,0.24986498513370112
33,0,7,4,3,80,7,2,0.2650325116032955
24,1,7,1,1,76,6,2,0.605436254141061
34,1,7,3,0,7,7,3,0.3699824143744368
24,0,7,3,0,1,5,2,0.3608163653816645
27,0,7,4,3,63,10,3,0.19640828735719237
31,1,3,4,2,6,7,2,0.22924216265835395
36,0,7,4,3,29,7,3,0.19640828735719237
25,1,3,1,2,28,5,2,0.8991258406437996
24,0,1,3,2,1,11,2,0.11185316116514109
19,0,7,4,3,8,4,3,0.19640828735719237
37,0,3,1,2,3,7,2,0.9913120162034033
35,1,7,3,3,19,6,3,0.22741615698116557
38,1,7,1,2,3,6,2,0.4914074137621636
29,0,7,0,0,4,7,3,0.8264719736770685
37,1,7,3,3,33,4,2,0.3027921576658018
35,1,7,1,2,21,8,3,0.5903565139703284
29,0,7,3,3,40,5,3,0.3984755530825454
34,0,7,3,2,82,7,2,0.23684998372404348
19,1,7,4,3,4,6,2,0.13799151878469615
21,1,7,1,1,9,6,2,0.605436254141061
21,0,7,4,2,42,10,2,0.3295081344382887
33,1,7,3,2,26,5,3,0.16222822285069657
36,0,7,0,2,35,6,1,0.9061302530026976
32,0,7,4,0,16,4,2,0.3984089101362767
22,0,3,3,3,9,4,2,0.5508791173092622
25,1,3,2,3,205,9,3,0.8558188755821713
34,1,3,1,3,6,4,2,0.8020736064273536
22,1,7,4,2,0,7,1,0.16414413219555551
32,0,3,1,0,2,3,0,0.9779479640683052
23,0,7,4,2,135,8,2,0.5477271131353904
20,0,7,4,3,127,7,2,0.6480033370804856
36,0,3,4,0,25,7,2,0.6516185144181187
20,0,7,4,2,5,4,3,0.0666218676473796
35,0,7,4,3,6,7,2,0.2650325116032955
20,0,7,1,2,3,6,3,0.39572838841414987
27,0,7,3,3,1,7,2,0.1262083708756705
27,1,1,3,3,13,4,3,0.3152614529540416
20,0,1,2,0,1,9,3,0.249969389473328
31,0,7,4,3,73,5,2,0.2650325116032955
27,0,7,3,2,0,5,2,0.08043270865844954
34,0,7,3,3,58,6,0,0.8783608624938619
19,0,3,4,1,94,6,2,0.4619502733806263
21,0,7,4,1,1,5,2,0.04980215760699774
35,0,7,1,0,200,3,3,0.9788300770752189
27,0,7,4,2,31,4,0,0.6367165868276662
28,1,0,4,0,46,6,1,0.9770112369970195
20,1,7,1,0,32,6,3,0.9324549869845199
36,1,3,3,3,17,7,2,0.5712652677218227
27,0,1,4,3,5,8,2,0.18731670078115772
30,0,1,1,2,51,6,2,0.9039727348578495
19,1,7,4,3,215,10,3,0.5551131985354308
34,0,7,1,3,199,6,2,0.9607709898690453
22,1,3,4,3,5,3,2,0.504404716578526
21,1,7,3,2,72,8,3,0.16222822285069657
25,0,3,4,3,16,7,2,0.5045714971936305
36,0,7,4,2,6,4,3,0.13851507233090157
38,1,7,1,3,16,5,2,0.8275085311137813
30,1,7,2,3,4,5,3,0.15451505168633256
24,1,3,1,3,110,4,1,0.9776932656334155
19,1,1,4,3,4,10,2,0.18731670078115772
30,1,7,4,3,8,5,3,0.19640828735719237
21,1,7,4,0,5,10,3,0.31537304780738684
23,1,3,1,3,11,6,0,0.9901093908805345
19,0,3,1,1,11,3,2,0.9070268045696298
38,0,3,4,2,6,5,2,0.22924216265835395
30,0,7,3,3,4,8,2,0.17316731372060506
23,1,7,4,1,42,10,2,0.2618059186482525
33,1,0,4,1,1,6,1,0.1694722833168024
21,0,7,3,3,15,6,1,0.5605668379425852
21,0,3,4,2,6,9,2,0.401193131209257
27,1,7,0,2,2,6,3,0.5405621534074054
30,0,7,3,2,78,7,3,0.1737974195454624
26,0,7,1,3,7,7,3,0.7647948776221235
30,0,3,3,2,10,5,2,0.4671057291157117
21,1,7,0,2,12,5,2,0.7811818727957353
22,0,7,1,2,6,11,2,0.48556956474893215
22,0,3,4,2,55,5,2,0.5812360910981134
37,1,7,4,3,174,8,0,0.8264035455222379
27,0,7,4,2,18,6,2,0.19173799367157632
38,1,1,4,2,11,12,3,0.18798658651749098
22,1,3,1,0,40,6,3,0.9721758007870696
38,0,7,0,2,2,5,3,0.5405621534074054
25,0,7,1,0,10,10,2,0.8980685915132466
25,0,7,1,2,185,7,3,0.9161088369866378
35,0,3,2,3,182,11,3,0.8558188755821713
28,0,3,4,0,153,5,2,0.956661630633907
20,1,7,4,0,74,5,3,0.3098071510462749
27,0,1,1,0,42,12,2,0.9465408748726291
35,1,3,1,3,238,8,1,0.9921265945922813
32,0,3,0,2,38,4,2,0.9707388497978132
36,0,7,4,2,24,4,2,0.19173799367157632
23,1,3,1,3,111,6,2,0.9418926710645953
23,1,3,3,2,1,8,2,0.19809839732023654
38,0,7,4,2,5,6,2,0.0952756906627491
27,1,7,1,2,13,5,2,0.6801282715042763
27,1,7,1,2,5,7,2,0.5835077373094789
29,1,1,4,3,6,10,1,0.5840122727904536
35,0,3,1,3,27,9,2,0.9312679796610085
21,1,7,4,2,0,11,3,0.0469161421399008
30,1,7,4,2,21,8,2,0.19173799367157632
32,0,3,4,2,1,6,2,0.17020729105823318
21,0,1,4,3,15,9,2,0.3417643366081469
26,1,0,4,3,2,4,2,0.1371572630938399
36,1,3,1,3,9,8,2,0.9312679796610085
22,1,3,1,2,128,4,2,0.9684116697565233
28,1,7,4,3,177,11,2,0.6480033370804856
26,0,7,2,3,37,5,2,0.5571857181089149
29,0,3,1,0,7,4,1,0.9853551647471023
35,0,0,4,1,2,6,2,0.0701700758807241
22,1,7,3,3,63,6,3,0.22741615698116557
28,0,7,4,1,15,10,3,0.1039700280549616
31,0,7,4,0,1,6,1,0.3541026108170725
31,1,7,3,3,3,6,2,0.17316731372060506
24,1,3,4,0,11,6,1,0.8349149434898792
27,0,7,1,3,24,5,1,0.9284273735484669
19,0,7,4,2,219,8,2,0.5477271131353904
21,0,3,1,2,0,7,2,0.7318220303041513
26,0,3,1,2,6,5,3,0.6437322940927652
20,1,7,2,0,69,8,2,0.5272920785144884
34,1,3,1,3,83,5,3,0.8608637199543453
26,1,3,4,2,128,7,2,0.7737751171854721
24,1,7,1,2,155,9,2,0.9156461283811059
21,0,3,3,1,12,7,4,0.3874698353868201
26,1,1,4,3,37,11,2,0.518218012733308
36,0,3,1,1,13,6,3,0.7460218893498116
31,1,7,4,0,4,7,2,0.22719849020662616
35,1,3,1,3,25,7,2,0.9012689558391219
20,1,7,4,3,2,7,2,0.09942441049554852
21,1,7,4,2,4,6,3,0.0666218676473796
24,0,7,3,1,31,5,1,0.35794271339204065
26,1,7,1,0,58,11,2,0.9247957141388364
33,0,3,1,0,55,8,2,0.9916784864130549
19,1,7,4,2,234,11,2,0.5477271131353904
23,0,1,2,0,61,5,2,0.6162849212005244
32,1,7,3,1,2,7,3,0.04102839583287758
28,1,7,0,1,16,8,3,0.6358628537002284
31,0,3,4,1,81,6,2,0.32592173020100806
25,0,7,4,1,6,4,2,0.07063023635685803
19,1,7,3,2,35,5,3,0.16222822285069657
35,1,7,1,0,6,7,3,0.7261001124404789
35,0,0,4,2,2,3,2,0.19054774274976996
32,1,3,1,2,184,5,1,0.991938048094746
27,0,7,1,0,19,6,2,0.9981745030012211
20,0,7,3,2,2,6,3,0.05596671563142542
26,1,3,4,1,2,11,2,0.12894135123287565
28,0,0,0,1,223,6,2,0.9934071845833283
20,0,3,3,3,234,8,4,0.8622935166188029
34,1,3,0,2,20,4,2,0.9412241832652388
21,1,3,1,2,23,8,2,0.8991258406437996
25,0,7,1,0,62,6,2,0.8980685915132466
37,1,3,4,1,6,5,2,0.17671151935013055
25,1,7,3,1,0,11,2,0.06417089461205494
20,1,7,4,2,43,10,2,0.3295081344382887
30,0,3,1,2,58,5,2,0.9255987115866665
23,1,3,4,2,116,6,3,0.44640100707019204
24,0,3,0,3,7,5,3,0.9428545134723437
29,0,0,4,2,75,7,2,0.25460057342619274
21,1,3,4,1,75,10,2,0.32592173020100806
34,0,7,4,3,9,5,2,0.2650325116032955
37,0,3,1,2,45,8,2,0.9486266195930647
24,0,3,4,3,15,11,3,0.4083874786832369
35,1,7,1,3,51,4,2,0.8700600658627557
29,1,3,1,3,225,4,2,0.985749072063653
21,1,7,4,3,5,3,2,0.2649025725351694
38,1,3,2,2,5,5,3,0.2534792817345729
22,1,7,3,1,1,4,2,0.06417089461205494
36,0,7,4,2,2,7,2,0.06770942671755258
27,1,7,3,2,4,12,3,0.07915813821055251
25,1,7,4,2,4,5,2,0.0952756906627491
20,1,3,0,0,27,4,3,0.9501955158538048
33,1,7,3,3,174,3,2,0.8330838795114839
21,1,3,3,2,77,3,2,0.6449404763314385
33,1,7,0,1,6,10,3,0.551807574592414
33,0,3,3,2,38,8,2,0.6448731341144777
36,0,3,4,3,162,7,3,0.7789593847065341
33,1,1,4,2,1,6,2,0.09467131979796875
37,1,7,4,2,191,11,2,0.5477271131353904
19,1,7,4,2,34,11,2,0.19173799367157632
38,0,7,3,1,11,7,2,0.17093539450441786
19,1,7,0,2,1,10,2,0.5222114717787918
28,0,7,1,3,4,11,0,0.8463230138113601
26,1,3,1,2,90,4,3,0.9147312661538861
27,0,7,2,0,217,7,3,0.7942281729620151
21,0,7,1,1,0,5,2,0.3196253412018883
29,1,3,4,3,9,4,2,0.6962953933214587
32,0,7,4,2,1,8,3,0.0469161421399008
24,1,7,4,2,124,7,3,0.4508020768233382
21,0,3,4,3,0,7,2,0.23769177786383444
27,0,0,0,2,76,7,2,0.8371398449267301
24,0,1,4,3,55,11,2,0.518218012733308
33,0,7,4,1,25,4,2,0.14617156669624295
20,1,3,1,0,4,10,2,0.9169878669565338
20,0,7,4,1,3,9,2,0.04980215760699774
35,0,7,1,3,29,5,2,0.8275085311137813
22,1,7,4,0,6,10,2,0.4046333923668086
26,1,3,4,3,63,8,3,0.4083874786832369
27,0,7,1,0,19,5,2,0.8980685915132466
38,0,3,1,1,64,11,3,0.813427129999949
21,1,7,4,0,9,9,2,0.3984089101362767
20,1,3,1,0,7,5,2,0.943708776447091
32,0,7,4,2,6,5,0,0.4375877739029523
29,0,7,1,2,74,7,3,0.6814334044724342
35,0,3,1,2,43,6,1,0.9711305049130918
29,0,3,1,0,7,4,2,0.9613654099685319
19,0,3,4,2,5,6,2,0.22924216265835395
36,0,7,1,1,52,10,4,0.7606988015025506
32,0,7,4,1,0,4,3,0.034305763809608196
33,0,3,0,2,6,6,2,0.8766791669282257
22,0,3,1,1,210,4,2,0.9567554553875736
31,1,1,4,3,5,6,3,0.13511588793416768
26,1,7,1,2,83,5,3,0.5903565139703284
24,0,7,2,3,16,12,2,0.3778702566185759
28,1,7,1,2,1,7,3,0.39572838841414987
36,1,7,1,2,7,12,2,0.6801282715042763
28,1,7,4,2,3,5,3,0.0666218676473796
27,1,3,4,1,62,5,2,0.32592173020100806
36,1,0,1,3,29,6,2,0.9997069104083466
33,0,3,0,0,114,6,2,0.9803855611299861
37,0,7,4,1,95,7,2,0.23312411202830632
38,0,7,3,2,2,8,3,0.06050523749379667
38,0,7,3,2,56,15,3,0.5534062664840861
38,0,3,3,0,234,8,3,0.9513957064467727
28,1,7,4,1,11,6,2,0.14617156669624295
21,1,7,1,3,22,8,2,0.8275085311137813
22,0,3,0,3,2,10,3,0.7607917902753936
35,1,7,4,0,3,8,2,0.1685748023948792
28,0,0,1,2,1,6,2,0.48381336728040336
26,0,7,0,2,20,7,3,0.7935189258569222
23,0,7,1,2,39,6,3,0.7490938474639302
27,1,3,1,2,8,10,0,0.9394995925804336
25,0,0,4,3,10,5,1,0.9178337782703533
33,1,7,3,3,2,5,2,0.1262083708756705
19,0,7,4,2,5,12,2,0.0952756906627491
29,1,3,2,2,27,8,0,0.7447785811732787
32,1,7,4,2,0,7,2,0.06770942671755258
26,0,7,1,2,9,6,1,0.8518353599797815
34,0,3,4,0,5,4,2,0.45364898003732856
23,0,1,4,3,0,7,2,0.1371572630938399
26,0,7,4,3,10,5,2,0.2650325116032955
34,1,7,4,2,1,8,3,0.0469161421399008
27,0,7,4,1,14,5,3,0.1039700280549616
21,0,7,3,0,5,5,3,0.19353793162080746
26,1,3,1,2,77,7,2,0.8572483925689074
22,1,7,4,2,26,7,2,0.19173799367157632
30,0,7,4,3,2,8,3,0.06961888680922525
22,0,3,0,0,4,10,2,0.925902393442645
35,1,7,0,1,3,6,1,0.7720711115345714
34,0,7,1,2,11,6,1,0.8518353599797815
35,1,0,1,3,72,7,2,0.982130161943475
24,1,7,2,1,2,6,3,0.056457254344027985
36,1,3,4,2,152,6,3,0.6986399434487266
22,0,7,4,3,13,7,3,0.19640828735719237
29,1,3,4,3,23,11,2,0.5045714971936305
19,1,7,0,3,58,4,2,0.946965459240204
31,0,7,1,0,16,6,2,0.9532003153610481
26,0,1,4,2,2,8,2,0.09467131979796875
21,1,7,4,1,2,4,2,0.04980215760699774
38,0,7,2,2,9,7,2,0.2854919466483189
22,0,7,2,3,13,6,2,0.3778702566185759
36,0,7,4,2,2,5,3,0.0469161421399008
24,1,7,4,2,33,4,3,0.13851507233090157
27,1,7,0,3,3,4,2,0.725181404131303
32,1,7,1,3,11,10,3,0.686589351812313
30,1,3,3,1,93,6,2,0.529026089833733
30,0,0,3,3,167,4,2,0.7761787503465097
19,1,7,2,2,6,8,1,0.32414847693071075
22,1,1,0,2,18,11,2,0.8371398449267301
34,0,7,4,1,67,10,2,0.14617156669624295
37,0,1,4,2,35,3,2,0.43467741541079624
29,0,7,1,2,212,12,2,0.9415599656337198
20,0,7,1,2,114,5,2,0.8485770776686115
22,0,3,1,0,182,8,2,0.9921895725579197
29,1,7,1,1,10,4,2,0.6948931752090076
36,0,7,3,2,1,7,2,0.08677289082782383
25,1,7,4,1,12,4,1,0.3164268895622758
24,0,3,2,2,8,6,3,0.4333878058217357
32,1,0,4,2,2,12,3,0.06618596215903105
27,1,7,4,2,5,10,2,0.0952756906627491
38,0,3,1,0,65,8,2,0.9613654099685319
27,1,7,1,0,0,6,3,0.5519206815495701
37,1,3,3,2,8,5,3,0.3535476236897154
25,0,3,4,2,63,6,3,0.3122936162960593
34,1,7,4,0,164,5,2,0.77173761566687
29,0,3,1,2,7,10,3,0.8027703092123406
37,1,7,1,2,69,7,2,0.6801282715042763
31,1,7,4,3,0,12,2,0.09942441049554852
31,0,1,4,0,108,7,3,0.5343722918370036
23,1,7,4,1,9,7,2,0.14617156669624295
38,1,7,4,2,26,6,2,0.19173799367157632
22,0,7,4,2,10,4,2,0.19173799367157632
29,0,7,1,2,1,7,2,0.3942931793968014
34,1,3,4,2,13,6,1,0.6443309079785957
21,1,7,1,2,25,4,3,0.5903565139703284
36,0,0,4,2,26,11,2,0.25460057342619274
28,1,7,4,2,5,11,3,0.0666218676473796
37,0,7,1,3,2,9,2,0.5949360481755426
30,0,7,4,2,43,7,2,0.3295081344382887
19,1,3,0,2,171,11,3,0.9721358131834341
24,1,3,4,2,6,5,2,0.401193131209257
20,1,3,4,2,200,6,3,0.6986399434487266
29,0,7,4,2,0,10,3,0.0469161421399008
20,1,3,4,2,3,8,1,0.4457426162076737
37,0,7,1,1,12,4,2,0.7754944701035256
25,1,7,2,0,2,8,2,0.25456993055029564
38,0,1,0,0,5,7,1,0.9451304978019115
30,0,7,2,2,8,5,2,0.2854919466483189
36,0,3,4,3,45,7,3,0.5884860853416161
35,0,7,0,3,26,4,3,0.7862432938719417
26,1,3,4,2,89,6,3,0.44640100707019204
19,1,3,2,2,1,7,3,0.18973932874463328
35,0,7,1,0,1,3,3,0.7349465016371644
32,1,7,4,2,12,7,2,0.19173799367157632
20,0,1,4,2,6,5,2,0.25460057342619274
32,1,7,4,3,39,7,2,0.4276053908218187
30,1,7,3,1,10,10,0,0.3667593138036274
36,0,7,2,2,32,5,1,0.5193222190410408
26,1,1,4,3,48,3,2,0.7077199965752308
27,1,7,4,2,183,7,1,0.7660606225444355
25,0,7,2,3,11,5,2,0.3778702566185759
29,1,3,0,2,8,7,3,0.9156399207372427
28,0,7,4,2,3,6,2,0.0952756906627491
34,0,7,1,3,35,6,3,0.686589351812313
29,1,0,4,2,2,6,2,0.09467131979796875
32,0,7,3,1,27,5,2,0.17093539450441786
36,0,1,0,3,47,9,2,0.9625598062106886
27,1,1,3,0,16,4,3,0.4581580631511359
33,0,7,2,3,10,6,2,0.3778702566185759
30,1,7,3,2,1,10,2,0.08043270865844954
27,0,3,1,2,52,10,2,0.9486266195930647
37,0,3,0,2,107,8,2,0.9471010636816327
32,0,0,1,3,3,8,2,0.5875905081488161
30,0,7,4,1,25,5,2,0.14617156669624295
38,0,1,1,0,9,13,3,0.9427663098438483
35,0,7,1,2,30,11,2,0.7593810169389497
37,1,7,1,2,132,6,2,0.9156461283811059
25,1,1,4,2,9,7,2,0.25460057342619274
34,1,7,4,2,4,5,2,0.0952756906627491
28,1,7,0,3,178,8,3,0.9675573012556451
21,0,3,2,3,3,6,2,0.3443428534325977
28,1,1,1,0,40,5,3,0.9230817649647632
29,1,7,1,1,122,7,3,0.8415084145673184
31,1,7,4,2,38,5,1,0.5705994485835953
35,1,7,4,3,147,9,2,0.6480033370804856
30,0,3,3,3,47,11,2,0.7175962371084119
22,0,7,1,3,2,7,2,0.49737036287702346
36,1,7,4,2,14,10,2,0.19173799367157632
36,1,7,4,3,2,7,2,0.09942441049554852
35,0,0,4,2,7,4,3,0.18798658651749098
20,1,7,2,3,6,7,3,0.15451505168633256
38,0,7,4,3,0,6,1,0.2298906762907927
19,0,3,4,3,10,10,2,0.5045714971936305
31,0,7,0,2,1,6,3,0.5405621534074054
30,0,0,1,2,3,7,1,0.8450678745151673
20,0,3,0,3,3,5,2,0.9152998561564885
22,1,1,0,0,52,7,2,0.9909215180810388
28,0,7,4,1,3,12,1,0.12412828196020843
24,1,7,2,2,3,7,2,0.1506541603958824
23,0,7,0,0,44,7,3,0.9569451803068371
19,1,7,2,2,85,10,2,0.415035959531553
21,1,7,4,2,77,8,4,0.19173799367157632
23,1,3,3,2,155,4,1,0.9176166515176317
20,1,3,2,2,43,8,2,0.7004046962555395
28,0,3,4,2,39,6,3,0.48473668424663047
29,0,7,1,2,7,5,2,0.6801282715042763
28,0,3,4,0,144,4,3,0.8661672498628995
30,1,3,4,2,38,6,2,0.5812360910981134
37,0,7,4,2,1,7,2,0.06770942671755258
33,1,7,3,2,1,7,3,0.06050523749379667
27,0,7,4,2,2,8,1,0.16414413219555551
21,0,7,2,3,3,5,3,0.15451505168633256
21,0,7,4,3,2,6,2,0.09942441049554852
31,1,1,0,0,22,7,2,0.9348538270688084
23,0,7,4,2,26,9,3,0.13851507233090157
33,0,3,1,3,1,7,2,0.7364778263732298
22,1,7,3,0,78,7,3,0.3699824143744368
26,0,7,4,0,121,5,0,0.8973595505317965
24,0,7,4,3,72,8,2,0.2650325116032955
32,0,3,1,1,80,4,3,0.813427129999949
35,0,3,2,1,9,8,3,0.3556637538196237
23,0,7,1,2,50,6,2,0.8149811489642007
31,1,7,2,2,11,9,2,0.2854919466483189
30,0,1,4,2,78,7,3,0.18798658651749098
34,1,7,4,2,53,6,2,0.3295081344382887
25,1,7,3,3,4,12,2,0.3540945266404191
19,1,7,3,3,103,5,2,0.45585282658658766
32,0,3,1,0,9,7,2,0.9748464582497017
35,1,7,4,0,12,7,2,0.3984089101362767
35,0,3,1,0,31,4,3,0.9191130787936367
33,1,7,3,2,75,5,3,0.16222822285069657
25,0,3,3,1,0,4,2,0.16224435963257305
36,0,7,0,2,56,7,2,0.8808929034375721
31,1,3,4,3,14,6,2,0.5045714971936305
24,0,3,3,3,0,4,2,0.27300304093662764
27,1,7,1,2,1,5,3,0.30614093416389604
32,0,3,2,2,28,6,2,0.5301832089223527
20,1,7,3,2,14,8,2,0.23684998372404348
32,0,3,1,2,29,6,3,0.8579817480466164
20,0,1,1,2,14,7,2,0.7537834173549436
26,0,3,1,0,215,4,2,0.988450847908052
29,1,1,4,2,1,5,2,0.09467131979796875
27,0,3,1,3,2,4,1,0.9181428286364791
29,1,3,1,0,9,5,2,0.9829131041256276
26,0,3,1,3,75,7,1,0.9610636405755169
32,0,7,2,1,3,6,3,0.0798347557977358
29,1,3,3,1,193,9,1,0.8972463011837352
21,1,7,4,2,177,4,1,0.7660606225444355
21,1,3,3,3,53,10,2,0.7340680327703969
28,0,0,4,2,24,7,2,0.9549508273032103
27,0,3,2,2,5,6,3,0.2534792817345729
32,0,1,1,3,132,7,3,0.9598413345170697
25,1,7,3,3,21,10,2,0.320550086751266
27,0,3,4,3,0,11,2,0.23769177786383444
20,0,7,1,1,102,6,1,0.9162151673068658
36,1,7,3,2,232,9,3,0.4971266110620903
27,1,7,4,2,1,6,3,0.0469161421399008
24,1,7,4,1,29,10,3,0.1039700280549616
19,1,3,3,0,29,5,1,0.9336902702160544
24,0,7,2,3,3,7,2,0.2123702534417876
24,0,7,3,3,54,6,2,0.4736018134052763
21,0,7,4,2,9,8,2,0.19173799367157632
24,1,7,4,2,1,8,2,0.06770942671755258
21,0,7,3,1,1,8,0,0.1403242569084257
34,0,1,1,2,11,5,3,0.7548963274853566
30,0,7,2,2,3,7,2,0.10899547604453799
35,0,7,3,2,52,5,1,0.6154391688421395
29,1,7,3,3,4,4,3,0.124306476497246
23,1,1,1,3,173,7,3,0.9598413345170697
22,1,7,1,2,2,6,3,0.39572838841414987
35,1,7,4,1,14,8,3,0.1039700280549616
28,1,7,2,2,19,5,3,0.21310624157706284
26,0,7,4,2,78,15,3,0.3137529897280084
29,0,7,1,0,2,3,3,0.8045209235320673
20,0,3,1,0,0,10,2,0.8369375641391403
27,0,3,3,0,229,10,3,0.8862931331896244
34,0,0,2,0,220,8,2,0.8912968736067969
38,0,3,1,2,133,8,2,0.9784964079389573
29,0,3,4,2,26,6,3,0.3122936162960593
24,0,3,3,2,28,11,3,0.3726910492540855
33,0,7,4,1,6,6,2,0.14617156669624295
33,0,3,2,2,2,7,2,0.2567780042175167
36,1,7,4,3,2,8,3,0.06961888680922525
26,1,7,4,3,211,6,3,0.5551131985354308
19,0,3,4,2,5,6,3,0.16776966098078253
37,0,7,4,2,3,5,3,0.0469161421399008
30,1,3,2,2,151,5,1,0.9396777263573242
24,1,7,4,0,2,9,2,0.1685748023948792
38,0,7,4,1,2,8,2,0.04980215760699774
29,1,7,3,2,1,5,3,0.06050523749379667
35,0,7,4,1,74,6,3,0.1039700280549616
24,0,3,4,2,5,14,2,0.45821058713283264
22,0,0,4,2,7,7,1,0.48013135612314384
23,1,3,1,2,91,4,2,0.9405732153277967
30,0,3,1,2,175,10,1,0.991938048094746
37,1,7,2,3,186,8,2,0.7561432999559756
26,0,7,3,2,1,4,2,0.1762072100105245
35,1,3,0,2,72,6,2,0.9412241832652388
26,1,7,4,2,75,6,3,0.13851507233090157
37,1,7,4,3,180,4,2,0.6480033370804856
36,0,7,3,3,229,5,2,0.6891633884028409
20,0,7,2,2,3,11,3,0.10732111221959086
25,1,7,4,2,2,4,2,0.06770942671755258
28,0,7,4,0,6,8,2,0.22719849020662616
24,0,7,2,1,74,6,2,0.22381462580496778
35,1,3,4,1,9,6,2,0.32592173020100806
24,0,3,1,3,168,8,3,0.9791158166332662
28,0,7,4,0,17,8,3,0.3098071510462749
23,1,1,0,3,1,11,3,0.7202940800588555
19,1,7,4,3,72,4,2,0.2650325116032955
20,1,7,2,2,5,10,2,0.1506541603958824
34,1,7,4,2,34,5,2,0.19173799367157632
38,1,7,0,3,8,7,1,0.9588567227930653
36,1,7,4,2,3,7,3,0.0469161421399008
30,0,3,1,1,3,6,2,0.5702242504184469
27,1,0,0,2,35,11,2,0.8371398449267301
34,1,0,2,1,3,7,2,0.1127750189120226
30,1,7,2,2,8,5,3,0.21310624157706284
22,1,7,4,2,18,7,3,0.13851507233090157
24,1,7,4,2,0,11,2,0.06770942671755258
31,0,7,3,3,3,12,2,0.11735706466584259
34,1,7,3,1,3,3,2,0.1337210356545382
19,1,7,3,2,6,10,2,0.2222124296375601
21,1,7,1,1,73,8,1,0.8057889489295113
19,1,7,3,2,13,5,3,0.1737974195454624
19,1,7,4,3,10,6,3,0.19640828735719237
29,0,7,4,1,2,4,3,0.034305763809608196
33,1,7,1,2,6,6,2,0.6801282715042763
28,1,0,1,3,37,7,2,0.9912936270019117
33,0,3,4,3,0,4,2,0.23769177786383444
27,0,7,1,1,34,5,3,0.5098103902815762
26,1,0,2,3,69,4,2,0.46653371241328345
22,1,7,1,2,102,10,3,0.7915942782863314
24,1,7,1,2,2,5,2,0.4914074137621636
30,1,3,2,3,73,10,2,0.6317339026650111
20,0,3,1,2,14,6,3,0.8579817480466164
31,1,7,1,0,57,6,3,0.950661106467537
28,1,7,3,3,208,8,2,0.6891633884028409
28,1,3,1,2,7,7,2,0.8572483925689074
38,0,7,0,1,3,8,2,0.5335184474937743
34,1,7,4,0,4,7,2,0.22719849020662616
35,1,7,4,3,5,5,0,0.2927640798280327
35,1,3,2,2,8,7,0,0.7447785811732787
28,0,7,2,3,74,6,2,0.3778702566185759
32,0,3,0,3,12,7,3,0.9121912130738963
30,1,7,1,2,126,8,1,0.9775606603875555
22,1,7,4,3,6,6,2,0.13799151878469615
21,0,7,4,1,84,6,2,0.23312411202830632
21,1,7,1,1,19,7,2,0.605436254141061
24,0,3,4,3,33,9,3,0.4083874786832369
25,0,7,4,1,195,7,1,0.702662015505927
22,1,3,1,3,23,4,2,0.9312679796610085
22,1,3,4,3,15,3,3,0.6084487990870271
21,1,7,1,0,2,6,3,0.5519206815495701
25,0,7,0,3,5,7,2,0.7066669116463945
23,0,0,3,3,65,6,2,0.4045088744554291
21,1,7,4,3,31,5,1,0.493683853920291
24,0,0,3,0,2,5,3,0.20563786386851055
32,0,3,2,3,179,12,1,0.9594808728411227
28,1,7,4,2,3,5,2,0.06770942671755258
31,0,3,2,1,1,2,2,0.35949798311078485
23,0,7,4,3,1,4,3,0.06961888680922525
25,1,7,2,2,176,6,1,0.8465215245494874
21,0,7,4,0,4,6,2,0.22719849020662616
32,0,7,4,1,1,5,2,0.04980215760699774
25,1,3,4,2,2,6,0,0.3465852644399397
33,0,7,3,1,3,8,2,0.06417089461205494
26,0,7,3,2,4,5,2,0.11255358228323815
19,0,7,3,3,2,10,2,0.11735706466584259
26,1,7,4,2,145,7,2,0.5477271131353904
23,1,3,2,2,28,11,3,0.4333878058217357
19,0,7,4,1,2,8,2,0.04980215760699774
26,1,7,4,2,1,6,3,0.0469161421399008
26,1,7,1,2,8,8,2,0.6801282715042763
33,0,0,4,3,35,6,2,0.3417643366081469
19,1,0,1,3,218,6,2,0.972424150784952
36,1,7,4,2,17,7,2,0.19173799367157632
34,0,3,4,2,29,12,1,0.6443309079785957
20,0,3,1,3,7,4,3,0.9018020702740305
19,1,7,0,3,59,17,3,0.8839904470379248
36,1,7,0,0,15,7,3,0.8710531268981131
38,1,7,1,0,0,5,2,0.7295387493024799
30,0,7,4,2,26,9,2,0.19173799367157632
24,1,3,1,0,12,8,2,0.9829131041256276
24,0,3,3,1,2,8,2,0.1513033793430901
35,1,7,0,3,10,7,2,0.8444015846998059
24,0,3,4,3,2,6,3,0.17446634856967164
25,0,7,4,3,69,6,2,0.2650325116032955
26,0,7,4,3,26,8,2,0.2650325116032955
19,0,3,4,0,79,5,2,0.8121686412912372
20,1,3,4,1,139,6,2,0.7116803167848514
29,1,7,4,2,35,9,2,0.19173799367157632
30,0,1,1,2,208,8,2,0.9398648425831742
28,1,7,4,2,13,9,2,0.19173799367157632
24,0,7,1,0,5,5,3,0.8597153195004505
26,1,7,1,0,89,6,2,0.9133477696785759
24,1,7,3,2,44,6,2,0.37180672735768916
33,0,1,4,0,9,8,1,0.7205398324577535
25,1,0,3,3,4,5,2,0.2172773287730943
27,1,7,0,1,9,5,2,0.720385435581409
25,1,3,4,3,203,4,1,0.933593256202736
37,1,7,4,2,3,7,2,0.06770942671755258
19,0,7,2,2,6,11,2,0.1506541603958824
31,1,7,4,2,8,8,2,0.19173799367157632
20,1,7,4,2,7,5,2,0.19173799367157632
20,0,3,1,0,68,5,2,0.9613654099685319
38,1,0,2,2,87,8,3,0.8463727648156604
28,1,3,1,2,10,7,1,0.9601610916539437
31,0,7,1,3,94,6,3,0.7955023477903768
33,1,7,4,2,239,8,3,0.4508020768233382
21,1,3,4,1,2,6,3,0.09118313753282856
26,1,7,1,2,4,9,2,0.48556956474893215
30,1,7,2,3,42,4,2,0.5571857181089149
33,1,3,1,2,1,5,3,0.5547883641076656
38,0,1,4,0,129,7,1,0.9293921105586969
20,1,3,2,3,52,12,3,0.7066328748557588
32,1,1,4,2,3,6,3,0.06618596215903105
32,1,3,1,0,13,5,2,0.943708776447091
36,1,3,4,2,77,6,2,0.401193131209257
21,1,7,3,3,2,5,2,0.11735706466584259
22,1,7,1,0,1,7,3,0.6464250282869266
20,1,7,4,2,36,6,3,0.13851507233090157
20,0,7,2,2,12,8,2,0.2854919466483189
31,1,3,1,0,19,5,3,0.9440269620834761
34,0,3,1,2,10,7,4,0.8991258406437996
29,0,7,4,2,39,5,3,0.24986498513370112
35,0,7,4,1,4,6,2,0.07063023635685803
35,1,7,1,2,136,8,3,0.8803435271714264
19,1,1,3,2,133,5,2,0.6952442136393218
38,0,3,4,2,238,7,1,0.9024245848563444
32,0,7,3,3,3,10,2,0.1262083708756705
23,1,7,4,3,3,9,2,0.09942441049554852
38,1,7,4,3,2,9,2,0.09942441049554852
30,1,7,3,0,22,8,2,0.4642186972337638
24,0,7,4,2,4,4,2,0.0952756906627491
20,0,3,0,2,54,6,1,0.9826025502984026
36,0,7,1,3,92,7,2,0.8949439313393902
33,1,7,4,2,66,6,2,0.19173799367157632
37,0,7,1,3,2,6,3,0.40144674598902436
35,1,7,1,0,136,6,2,0.9859262323263268
35,0,3,4,3,3,3,2,0.41242628242952073
25,1,7,1,2,53,8,1,0.9225432897277509
34,0,7,1,3,2,5,2,0.49737036287702346
36,1,7,2,0,77,4,2,0.5272920785144884
21,1,1,3,1,20,6,2,0.24384966954002202
38,1,0,4,2,22,6,2,0.25460057342619274
32,0,7,2,2,5,5,3,0.10732111221959086
25,0,1,1,3,36,8,2,0.8231266594785767
35,1,3,3,3,4,7,3,0.2861808244358083
27,1,7,1,2,223,8,2,0.9415599656337198
35,1,0,1,0,180,11,2,0.9933649287505758
38,0,7,4,2,11,9,2,0.19173799367157632
29,0,3,3,3,9,6,1,0.7683345868047383
27,0,7,3,2,5,5,1,0.255362975620184
19,1,3,0,3,0,4,0,0.9506705609558505
33,0,7,3,2,3,5,2,0.08043270865844954
33,1,7,1,2,78,4,2,0.7593810169389497
38,1,7,1,2,4,4,2,0.5835077373094789
34,0,3,1,1,171,6,3,0.9570032547740555
23,0,1,4,0,33,12,3,0.3925779182276662
31,0,1,1,3,4,11,2,0.7540823177421444
19,0,7,3,3,33,9,2,0.320550086751266
27,1,1,4,0,29,6,2,0.4881105158156676
36,1,7,2,2,125,7,2,0.6710344546893512
29,0,7,4,2,81,8,2,0.19173799367157632
25,1,3,1,0,190,6,1,0.9981342729868757
20,1,3,2,2,0,4,3,0.18973932874463328
25,1,7,4,2,0,7,2,0.06770942671755258
35,1,7,4,2,3,7,3,0.0666218676473796
24,1,7,4,2,10,6,2,0.19173799367157632
38,0,7,4,2,0,6,3,0.0469161421399008
32,1,7,1,3,21,11,1,0.9284273735484669
29,0,3,4,2,11,8,1,0.6443309079785957
27,1,7,4,3,0,5,3,0.06961888680922525
24,0,7,3,0,68,4,2,0.6669965439239031
27,1,7,4,2,2,12,3,0.0469161421399008
38,0,0,4,2,174,7,2,0.9327693936240811
38,0,3,2,2,2,5,3,0.18973932874463328
23,0,7,4,1,1,4,2,0.04980215760699774
33,0,7,0,3,26,16,2,0.9607973846404666
26,0,7,3,2,18,7,2,0.2222124296375601
36,1,7,1,3,83,6,3,0.7647948776221235
33,0,7,1,1,28,3,2,0.8367890013688514
24,0,7,4,1,3,7,3,0.034305763809608196
19,1,3,1,1,46,8,2,0.9301958924387905
33,1,7,4,3,14,7,3,0.19640828735719237
32,0,7,2,2,34,8,3,0.21310624157706284
29,0,0,3,1,76,8,2,0.22890928414049386
29,1,3,4,0,1,12,3,0.279604661605762
24,0,7,1,0,199,6,2,0.9859262323263268
26,1,3,1,3,29,4,3,0.8608637199543453
20,0,7,3,2,58,7,1,0.6348373805060882
20,0,3,0,2,23,5,3,0.872350756634528
30,1,7,4,2,3,8,2,0.06770942671755258
30,1,7,4,3,6,5,2,0.13799151878469615
23,1,7,1,1,26,5,2,0.605436254141061
37,1,7,0,2,236,4,2,0.9666067678836112
25,0,7,4,2,4,6,2,0.0952756906627491
21,1,7,1,2,154,5,1,0.9775606603875555
21,0,7,4,1,18,6,2,0.14617156669624295
37,0,3,4,2,2,7,3,0.12205835951652672
35,0,1,4,3,64,5,3,0.2603089198669121
34,0,3,3,2,73,8,3,0.3726910492540855
20,0,7,1,3,9,12,3,0.7647948776221235
32,1,7,1,3,214,8,2,0.9428588435009359
24,1,7,1,3,57,8,2,0.9085799075031477
21,1,3,3,1,11,6,2,0.3874698353868201
30,1,0,1,3,30,6,2,0.8231266594785767
28,1,7,3,1,66,5,2,0.17093539450441786
28,0,1,3,3,4,4,3,0.15835408022403077
20,1,7,2,2,1,5,2,0.10899547604453799
20,1,3,1,2,25,7,2,0.8991258406437996
35,0,7,1,2,34,7,2,0.7593810169389497
32,1,7,4,2,45,6,2,0.3295081344382887
21,1,3,4,2,140,7,0,0.8984233221386818
23,0,7,2,2,3,7,2,0.1506541603958824
21,0,7,3,2,27,7,3,0.16222822285069657
21,0,7,4,2,0,7,2,0.06770942671755258
20,1,7,4,1,53,10,2,0.2618059186482525
24,1,3,3,2,19,8,2,0.4465649943580163
19,0,3,4,2,89,10,2,0.5433159088079472
27,1,7,4,2,0,4,3,0.0469161421399008
34,0,7,3,2,32,10,2,0.2222124296375601
28,0,7,4,3,29,5,2,0.2650325116032955
30,0,7,4,0,67,5,3,0.3098071510462749
20,1,7,3,2,171,7,2,0.5932526872230572
33,1,7,4,2,3,8,2,0.06770942671755258
21,1,1,4,2,19,5,2,0.25460057342619274
30,1,7,4,2,60,5,3,0.24986498513370112
25,0,7,3,3,11,7,2,0.320550086751266
33,0,7,1,0,11,5,2,0.8558226120892807
26,0,1,4,2,12,10,3,0.18798658651749098
33,1,7,3,1,116,5,2,0.28454542365891616
21,0,3,1,3,17,9,1,0.9734299113446038
25,0,7,3,2,131,4,2,0.5932526872230572
33,1,7,2,2,3,5,2,0.1506541603958824
22,1,7,4,2,5,7,3,0.0666218676473796
24,1,7,4,3,1,8,2,0.09942441049554852
37,0,7,1,1,3,8,2,0.3196253412018883
26,0,0,3,2,5,4,3,0.11014032475799847
27,0,1,3,2,63,3,3,0.3856161433796447
29,1,7,4,2,2,6,2,0.06770942671755258
22,1,1,4,0,30,11,2,0.6879248077893263
33,1,7,1,3,6,5,2,0.5892933539817659
20,1,7,3,2,2,6,2,0.08043270865844954
38,0,3,1,0,78,6,2,0.943708776447091
32,0,0,4,3,47,7,2,0.895379684190664
24,1,3,1,2,2,10,2,0.647703282797043
36,1,7,4,3,0,5,3,0.06961888680922525
36,1,3,3,0,2,5,2,0.40816299603719985
37,0,3,1,0,220,12,2,0.988450847908052
32,0,7,4,3,3,10,3,0.09788092345453299
31,0,7,4,3,5,6,2,0.13799151878469615
38,1,7,4,1,33,11,2,0.14617156669624295
25,1,7,1,3,29,15,2,0.9018712016064377
19,1,7,4,2,32,7,2,0.19173799367157632
22,0,7,1,3,73,5,2,0.8275085311137813
24,1,3,3,1,80,11,3,0.30008730524199706
37,1,3,4,2,92,5,0,0.7546882183178069
27,0,7,4,1,107,6,2,0.23312411202830632
27,0,1,1,0,73,6,1,0.9716725159132327
32,0,7,0,3,194,6,2,0.9651623516934476
30,0,1,3,0,50,10,2,0.721016181134473
28,0,3,1,0,230,6,2,0.9921895725579197
21,1,3,4,2,63,6,2,0.401193131209257
22,1,3,1,0,31,9,3,0.9440269620834761
22,1,3,3,0,2,7,2,0.4283043545756642
28,1,3,1,2,229,4,2,0.9684116697565233
24,1,1,0,3,9,6,2,0.8865406075054594
20,0,7,1,0,12,5,3,0.9324549869845199
37,1,7,4,1,16,7,2,0.14617156669624295
37,0,1,4,3,3,6,3,0.13511588793416768
38,0,3,3,2,3,6,2,0.2115796129386567
23,0,1,1,2,12,7,2,0.8196268062005243
34,1,0,4,3,16,9,3,0.2603089198669121
21,0,7,3,1,16,8,3,0.12261092824308445
26,1,7,2,1,131,7,3,0.49943817877173446
20,1,7,4,0,3,5,2,0.22719849020662616
28,1,7,4,2,71,11,2,0.19173799367157632
26,0,3,1,1,5,4,3,0.5659651648440387
22,0,7,1,0,0,9,3,0.5519206815495701
29,0,3,0,2,53,5,2,0.9707388497978132
31,1,7,4,2,8,12,2,0.19173799367157632
25,1,7,1,0,46,8,2,0.9480582104599331
29,0,7,4,2,169,8,2,0.5477271131353904
30,1,3,4,3,9,11,2,0.5045714971936305
22,1,3,4,0,11,6,2,0.6516185144181187
21,1,7,2,2,177,6,2,0.6710344546893512
28,0,7,4,0,54,6,2,0.5784093084369945
22,1,7,1,2,5,6,3,0.39015523490096693
25,0,7,4,2,1,11,2,0.06770942671755258
38,1,7,2,1,4,12,2,0.11348047509190055
22,0,7,3,2,1,11,2,0.08677289082782383
24,1,7,1,2,14,6,2,0.7593810169389497
21,0,7,2,0,8,7,2,0.9857606797479753
27,1,1,4,3,5,9,2,0.18731670078115772
26,1,0,3,3,58,6,2,0.5643513983911845
33,1,3,1,2,236,10,2,0.9784964079389573
25,0,7,4,0,153,7,2,0.77173761566687
21,1,3,0,2,12,7,3,0.9156399207372427
36,1,7,2,2,56,7,3,0.35940293886631
26,1,7,4,2,19,7,3,0.13851507233090157
36,1,1,3,2,7,6,2,0.3088512077196996
25,0,7,2,2,15,8,3,0.21310624157706284
37,0,3,3,2,6,9,3,0.1953553633943648
21,1,7,4,2,2,8,1,0.16414413219555551
37,0,3,1,2,136,5,4,0.9784964079389573
38,0,3,1,0,1,5,2,0.8839668777294898
33,0,7,2,2,50,6,1,0.6911867457157039
32,1,7,1,0,150,7,2,0.9680547960833408
36,1,3,0,2,3,8,2,0.8766791669282257
28,0,7,4,0,10,2,1,0.8012365357841194
31,0,7,1,2,9,6,3,0.5903565139703284
19,1,7,4,2,28,7,3,0.13851507233090157
22,1,0,4,3,66,7,1,0.5840122727904536
24,1,3,4,3,24,8,3,0.4083874786832369
27,1,7,4,2,11,7,3,0.13851507233090157
30,1,7,4,1,10,3,2,0.2781780184853864
34,1,3,4,3,5,4,3,0.23456086545504606
21,0,0,4,3,4,5,2,0.6471340131567738
20,1,7,1,2,2,8,3,0.30614093416389604
27,0,3,1,3,105,5,2,0.9600948668884944
22,1,7,0,2,36,11,2,0.9215457317556898
28,0,1,0,0,195,10,2,0.9865336643571602
31,0,7,3,2,20,8,4,0.23684998372404348
37,0,7,3,2,15,10,2,0.23684998372404348
37,0,3,1,2,7,6,2,0.8572483925689074
27,1,3,4,1,51,6,2,0.5004142367026713
21,1,7,2,1,3,5,2,0.08111926111917885
24,1,3,2,3,131,6,2,0.8975147261686591
19,1,3,4,0,34,5,2,0.6516185144181187
30,1,1,4,3,72,5,2,0.3417643366081469
28,0,3,1,0,73,6,3,0.9749933022682011
30,1,3,4,2,44,9,2,0.5812360910981134
34,0,7,4,1,85,6,3,0.1708413789233215
31,1,1,2,2,78,7,0,0.5980213310120656
24,0,3,1,2,17,8,2,0.8572483925689074
37,0,1,0,1,30,4,2,0.7876648007097419
22,0,7,0,3,46,10,3,0.9236776435216313
31,1,1,1,1,7,19,1,0.8986520405839047
26,0,7,0,0,7,10,3,0.9398175382952708
23,1,7,1,3,5,5,3,0.5907460945806399
38,0,1,1,2,123,7,3,0.9137431041921126
26,1,7,4,2,225,11,2,0.5477271131353904
30,1,7,2,2,17,6,2,0.2854919466483189
34,1,7,2,0,16,5,2,0.7205676767508963
23,0,7,1,2,44,6,3,0.7490938474639302
32,1,7,4,3,0,4,2,0.09942441049554852
26,1,7,3,0,23,6,1,0.6832061899923186
22,1,3,2,3,4,4,2,0.432309005105137
20,0,3,4,2,25,7,3,0.3122936162960593
30,1,7,4,2,79,5,3,0.13851507233090157
22,0,7,1,2,55,2,2,0.9083904865648285
23,1,3,3,1,0,9,2,0.1513033793430901
22,1,7,1,1,0,6,2,0.3196253412018883
32,0,7,4,0,18,8,1,0.6416674610761121
25,1,3,4,0,134,11,3,0.9373497858475586
21,0,7,1,0,11,8,2,0.8980685915132466
34,1,7,1,0,68,9,3,0.9029200408514009
33,0,7,1,2,2,5,2,0.3942931793968014
37,0,0,4,2,4,7,3,0.09319398502573192
33,1,3,4,0,30,8,3,0.5590331867041001
19,0,7,1,2,3,6,3,0.30614093416389604
37,1,3,0,0,235,5,2,0.9956375790511273
33,0,3,4,2,37,6,2,0.5812360910981134
26,1,1,4,0,18,11,2,0.4881105158156676
26,0,7,4,0,13,11,0,0.631341599576732
33,0,7,0,3,4,8,1,0.8669156419115093
38,0,3,3,1,1,5,2,0.16224435963257305
21,1,0,1,1,146,20,2,0.9436342132471254
28,1,7,4,3,147,11,1,0.8327135347664527
25,1,7,4,0,28,4,2,0.604894970501759
23,1,3,4,3,24,7,2,0.5045714971936305
32,1,3,1,1,1,10,1,0.8418957516027714
34,1,3,4,3,20,7,2,0.5045714971936305
21,0,7,3,2,231,4,2,0.7665371557760152
27,0,3,0,2,21,10,2,0.9412241832652388
34,1,7,0,2,12,6,2,0.7811818727957353
19,1,3,1,0,55,7,2,0.9809705097522461
25,0,7,4,3,95,6,3,0.3026520943707574
30,0,7,4,1,2,11,2,0.04980215760699774
20,1,3,4,2,63,2,1,0.8030779143000858
37,0,7,0,0,141,8,2,0.9877764970982705
21,0,1,3,2,5,10,2,0.16553686863324116
22,1,7,3,2,71,5,2,0.23684998372404348
31,0,1,4,2,178,6,2,0.6355319873203712
20,1,7,4,2,1,8,2,0.06770942671755258
36,1,1,3,2,9,5,3,0.21802561537235302
35,0,7,4,1,73,5,2,0.14617156669624295
33,1,3,4,2,48,6,2,0.5812360910981134
37,1,7,4,0,63,6,2,0.3984089101362767
23,1,7,1,2,27,5,2,0.7593810169389497
36,0,7,3,2,39,6,2,0.39134031552552034
23,0,7,0,3,1,9,2,0.6242641170192744
31,1,7,4,2,7,11,2,0.19173799367157632
24,0,7,1,2,26,5,3,0.6814334044724342
33,0,1,1,0,130,6,2,0.977594725734107
38,1,7,3,3,72,8,3,0.24228971076103156
26,1,7,1,1,85,6,3,0.7327009245017687
36,0,7,2,2,5,5,2,0.1506541603958824
28,0,3,2,2,10,7,2,0.5301832089223527
33,1,7,3,0,2,4,3,0.15239292737883772
32,0,1,1,3,1,6,3,0.5890450715730372
31,0,7,4,2,38,4,2,0.3295081344382887
24,0,7,4,3,29,10,3,0.19640828735719237
31,0,3,1,2,3,7,1,0.8806494160904836
23,0,3,0,3,168,10,2,0.9873810693784554
25,1,7,3,2,4,6,2,0.12109230354434995
38,1,3,3,3,5,6,3,0.2861808244358083
27,1,1,4,3,3,7,3,0.09726180319986935
21,1,3,4,3,12,9,0,0.7247929245898959
32,1,7,4,1,1,8,2,0.04980215760699774
20,1,7,4,2,11,8,2,0.19173799367157632
24,0,0,1,2,11,7,2,0.7537834173549436
26,1,7,4,3,10,5,2,0.2650325116032955
21,0,7,2,2,47,6,3,0.35940293886631
21,1,3,2,1,106,8,2,0.5911888671436978
26,0,3,1,2,4,6,2,0.7272118762611947
37,1,7,2,2,72,11,3,0.21310624157706284
24,1,3,1,3,4,11,3,0.8030252808849603
25,0,7,1,2,19,9,2,0.6801282715042763
21,0,7,4,0,53,13,2,0.7959698683791732
34,1,7,3,2,6,11,3,0.07915813821055251
35,1,7,2,3,2,8,3,0.11192945168400854
24,0,7,1,2,49,7,2,0.8149811489642007
30,1,3,4,2,3,7,3,0.16776966098078253
34,0,7,1,2,78,8,3,0.6814334044724342
29,1,7,2,2,78,8,3,0.21310624157706284
27,0,3,0,3,9,4,1,0.9850346808115543
23,0,7,4,2,1,6,2,0.06770942671755258
37,0,3,1,2,35,6,2,0.8572483925689074
30,0,7,4,2,55,12,2,0.3295081344382887
25,0,7,4,2,2,8,2,0.06770942671755258
30,1,7,4,2,8,5,3,0.13851507233090157
34,0,7,4,3,60,5,1,0.6688702913308949
31,0,3,4,3,71,6,2,0.5045714971936305
34,0,7,4,2,3,3,3,0.09975864797211406
38,1,7,4,2,16,6,2,0.19173799367157632
37,0,7,4,1,6,7,2,0.07063023635685803
35,1,3,0,3,162,8,3,0.981493183935119
26,0,3,3,2,3,4,2,0.35737169291472615
35,0,3,4,3,224,11,1,0.933593256202736
20,0,1,3,2,43,4,2,0.460099637113073
31,0,3,4,1,5,7,2,0.17671151935013055
26,1,7,1,0,55,8,2,0.9247957141388364
38,0,3,4,2,127,5,2,0.7737751171854721
31,1,7,4,0,1,5,3,0.24109575457027524
37,1,7,4,3,28,8,3,0.19640828735719237
23,0,7,2,0,25,9,0,0.950129896632385
20,1,3,3,2,55,8,2,0.6256937099155914
30,1,3,3,2,1,7,4,0.19809839732023654
36,0,7,4,3,33,6,3,0.19640828735719237
23,0,7,4,3,73,7,3,0.19640828735719237
24,0,3,1,2,78,10,2,0.8991258406437996
37,0,7,1,2,214,7,2,0.9156461283811059
22,0,7,4,2,148,3,1,0.8805481494156727
28,0,7,1,3,100,6,2,0.8949439313393902
27,0,3,4,1,5,7,3,0.12700425838095875
28,0,3,3,2,1,5,2,0.19809839732023654
32,1,1,4,2,8,11,2,0.25460057342619274
38,0,1,1,2,56,10,2,0.9039727348578495
27,1,3,4,2,236,5,1,0.9024245848563444
25,1,0,4,3,66,7,2,0.3417643366081469
32,0,1,4,3,29,12,3,0.2603089198669121
28,1,7,2,3,202,5,1,0.8934387632191068
34,0,3,1,2,169,7,2,0.9684116697565233
34,1,7,1,3,3,7,2,0.5949360481755426
23,0,7,0,3,79,7,2,0.8960394822889021
19,0,3,2,3,0,6,0,0.7950921446661752
35,1,3,4,2,34,9,2,0.401193131209257
24,1,3,1,3,198,12,2,0.9789926591994533
28,0,7,1,2,129,12,2,0.9156461283811059
24,1,3,1,3,1,10,2,0.7364778263732298
22,1,3,1,1,9,7,2,0.8654549724300595
31,0,7,3,0,136,6,2,0.9039658691501351
38,1,7,1,3,12,7,2,0.8275085311137813
29,1,7,2,0,4,6,2,0.5337436530627043
28,0,3,1,2,209,7,3,0.9685948692707739
30,1,1,1,1,119,4,0,0.9377251509572674
22,1,3,1,3,42,6,3,0.9276291370725674
20,1,3,1,2,19,8,2,0.8991258406437996
35,1,7,4,0,226,5,1,0.9013981179434258
21,0,3,0,2,56,6,2,0.9707388497978132
22,0,7,1,3,173,4,1,0.9901416746403592
38,1,7,4,2,6,4,2,0.0952756906627491
38,0,3,3,2,77,3,3,0.5518011158665037
24,1,3,4,1,44,8,3,0.40437586433525874
24,1,7,0,3,3,5,2,0.7066669116463945
27,0,7,3,2,0,12,2,0.08043270865844954
33,0,3,4,2,11,5,3,0.3122936162960593
25,1,3,1,0,39,5,2,0.9916784864130549
38,0,1,0,2,190,5,2,0.9632914798090055
28,1,7,4,2,41,11,2,0.3295081344382887
26,0,7,1,0,50,8,2,0.9480582104599331
36,0,7,4,2,204,5,2,0.5477271131353904
38,0,7,2,1,9,7,2,0.22381462580496778
30,1,7,4,3,3,7,3,0.06961888680922525
34,1,7,1,3,217,7,1,0.9780780226498093
33,1,3,4,1,93,7,2,0.4619502733806263
31,0,3,0,1,0,9,3,0.7057172102915366
19,1,7,1,2,79,8,2,0.7593810169389497
35,1,7,2,0,1,6,2,0.25456993055029564
26,1,3,4,0,3,10,2,0.3641257631067116
30,1,7,2,2,194,6,3,0.5802854977637721
20,0,3,1,3,53,8,2,0.9497768130202219
24,1,7,3,0,20,11,0,0.8648916878810965
